sample,ShearStrength,Compressivestrengthofconcrete,ShearStressrange,Size,BeamTest,DirectShearTest,PushOutTest,AdhesiveAnchor,BlindBoltShearConnector,ChannelConnectors,ClusterStud,CorrodedStud,DoubleNutBolt,HASEAdhesiveAnchor,HighTensionFrictionGripBolt,LConnectors,Perfobondrib,Perfobondribgroup,Perforatedshearconnector,PostInstalledWeldedStud,PuzzleStrip,Stud,TheCoiledSpringPin,WedgeBoltConcreteScrew,Ytypeperfobondrib,cycle
1,-1.941998236,0.5227803,0.95762594,0.598079693,0,0,1,0,0,0,0,1,0,0,0,0,0,0,0,0,0,0,0,0,0,5.378397901
2,-1.941998236,0.56060576,-0.621877518,0.598079693,0,0,1,0,0,0,0,1,0,0,0,0,0,0,0,0,0,0,0,0,0,5.963787827
3,-1.941998236,0.645713048,-1.501735149,0.598079693,0,0,1,0,0,0,0,1,0,0,0,0,0,0,0,0,0,0,0,0,0,6.263399331
4,-1.941998236,0.579518491,-1.23671779,0.598079693,0,0,1,0,0,0,0,1,0,0,0,0,0,0,0,0,0,0,0,0,0,5.903089987
5,-1.941998236,0.579518491,-1.766752508,0.598079693,0,0,1,0,0,0,0,1,0,0,0,0,0,0,0,0,0,0,0,0,0,5.857332496
6,-1.941998236,0.579518491,-2.206681323,0.598079693,0,0,1,0,0,0,0,1,0,0,0,0,0,0,0,0,0,0,0,0,0,5.848189117
7,-1.941998236,0.579518491,-2.641309792,0.598079693,0,0,1,0,0,0,0,1,0,0,0,0,0,0,0,0,0,0,0,0,0,5.728353782
8,-1.941998236,0.579518491,0.19914626,0.598079693,0,0,1,0,0,0,0,1,0,0,0,0,0,0,0,0,0,0,0,0,0,5.505149978
9,-2.884913918,-1.020498506,0.19914626,0.598079693,0,0,1,0,0,0,0,0,0,0,0,0,0,0,0,0,0,1,0,0,0,6.27946663
10,-2.884913918,-1.020498506,0.19914626,0.598079693,0,0,1,0,0,0,0,0,0,0,0,0,0,0,0,0,0,1,0,0,0,4.393715559
11,-2.884913918,-1.020498506,-2.382414939,0.598079693,0,0,1,0,0,0,0,0,0,0,0,0,0,0,0,0,0,1,0,0,0,4.129786535
12,-2.884913918,-1.020498506,-1.468799518,0.598079693,0,0,1,0,0,0,0,0,0,0,0,0,0,0,0,0,0,1,0,0,0,4.395518594
13,-1.356740227,-0.791654467,-1.65014487,2.437292018,0,0,1,0,0,0,0,0,0,0,0,0,0,0,0,0,0,1,0,0,0,6.32918831
14,-1.356740227,-0.791654467,1.000028718,2.437292018,0,0,1,0,0,0,0,0,0,0,0,0,0,0,0,0,0,1,0,0,0,4.651539675
15,-1.356740227,-0.791654467,2.060098153,2.437292018,0,0,1,0,0,0,0,0,0,0,0,0,0,0,0,0,0,1,0,0,0,4.77815125
16,-1.356740227,0.153982056,-0.060040717,2.437292018,0,0,1,0,0,0,0,0,0,0,0,0,0,0,0,0,0,1,0,0,0,5.587945443
17,-1.356740227,0.153982056,1.000028718,2.437292018,0,0,1,0,0,0,0,0,0,0,0,0,0,0,0,0,0,1,0,0,0,4.785778137
18,-1.356740227,0.153982056,0.19914626,2.437292018,0,0,1,0,0,0,0,0,0,0,0,0,0,0,0,0,0,1,0,0,0,3.725911632
19,-1.356740227,-0.791654467,-0.144846272,0.598079693,0,0,1,0,0,0,0,0,0,0,0,0,0,0,0,0,0,1,0,0,0,5.154244375
20,-1.356740227,-0.791654467,1.000028718,0.598079693,0,0,1,0,0,0,0,0,0,0,0,0,0,0,0,0,0,1,0,0,0,4.351950833
21,-1.356740227,-0.791654467,2.060098153,0.598079693,0,0,1,0,0,0,0,0,0,0,0,0,0,0,0,0,0,1,0,0,0,4.138807765
22,-1.356740227,-0.791654467,-0.060040717,0.598079693,0,0,1,0,0,0,0,0,0,0,0,0,0,0,0,0,0,1,0,0,0,4.877854906
23,-1.356740227,-0.791654467,1.000028718,0.598079693,0,0,1,0,0,0,0,0,0,0,0,0,0,0,0,0,0,1,0,0,0,4.01853407
24,-1.356740227,-0.791654467,1.323349896,0.598079693,0,0,1,0,0,0,0,0,0,0,0,0,0,0,0,0,0,1,0,0,0,4.286299251
25,0.64906903,0.14452569,0.19914626,-1.241132632,0,0,1,0,0,0,0,0,0,0,0,0,0,0,0,0,0,1,0,0,0,6.828015064
26,0.64906903,0.14452569,0.19914626,-1.241132632,0,0,1,0,0,0,0,0,0,0,0,0,0,0,0,0,0,1,0,0,0,6.764176132
27,0.64906903,0.14452569,0.19914626,0.598079693,0,0,1,0,0,0,0,0,0,0,0,0,0,0,0,0,0,1,0,0,0,6.826787239
28,0.64906903,0.14452569,-2.564984793,-1.241132632,0,0,1,0,0,0,0,0,0,0,0,0,0,0,0,0,0,1,0,0,0,6.471291711
29,0.64906903,0.14452569,-2.564984793,0.598079693,0,0,1,0,0,0,0,0,0,0,0,0,0,0,0,0,0,1,0,0,0,6.346939463
30,0.64906903,0.14452569,-1.834066917,-1.241132632,0,0,1,0,0,0,0,0,0,0,0,0,0,0,0,0,0,1,0,0,0,5.484299839
31,0.64906903,0.14452569,-1.834066917,-1.241132632,0,0,1,0,0,0,0,0,0,0,0,0,0,0,0,0,0,1,0,0,0,6.128722284
32,0.64906903,0.14452569,-1.834066917,0.598079693,0,0,1,0,0,0,0,0,0,0,0,0,0,0,0,0,0,1,0,0,0,5.591064607
33,0.64906903,0.14452569,-1.834066917,0.598079693,0,0,1,0,0,0,0,0,0,0,0,0,0,0,0,0,0,1,0,0,0,5.860936621
34,0.64906903,0.14452569,-1.103149041,0.598079693,0,0,1,0,0,0,0,0,0,0,0,0,0,0,0,0,0,1,0,0,0,5.465382851
35,0.64906903,0.14452569,-1.103149041,-1.241132632,0,0,1,0,0,0,0,0,0,0,0,0,0,0,0,0,0,1,0,0,0,5.639207495
36,0.64906903,0.14452569,-0.372761201,0.598079693,0,0,1,0,0,0,0,0,0,0,0,0,0,0,0,0,0,1,0,0,0,5
37,0.64906903,0.14452569,1.82158253,0.598079693,0,0,1,0,0,0,0,0,0,0,0,0,0,0,0,0,0,1,0,0,0,5.154363101
38,0.64906903,0.14452569,-0.372761201,-1.241132632,0,0,1,0,0,0,0,0,0,0,0,0,0,0,0,0,0,1,0,0,0,5.531861949
39,0.64906903,0.239089343,2.060098153,0.598079693,0,0,1,0,0,0,1,0,0,0,0,0,0,0,0,0,0,0,0,0,0,6.415807728
40,0.64906903,1.57243684,2.060098153,0.598079693,0,0,1,0,0,0,1,0,0,0,0,0,0,0,0,0,0,0,0,0,0,5.778693779
41,0.64906903,1.57243684,2.060098153,0.598079693,0,0,1,0,0,0,1,0,0,0,0,0,0,0,0,0,0,0,0,0,0,5.669735164
42,0.64906903,0.059418403,2.060098153,-1.241132632,0,0,1,0,0,0,1,0,0,0,0,0,0,0,0,0,0,0,0,0,0,6.260429176
43,0.64906903,0.059418403,2.060098153,-1.241132632,0,0,1,0,0,0,1,0,0,0,0,0,0,0,0,0,0,0,0,0,0,6.047469575
44,0.64906903,0.059418403,2.060098153,-1.241132632,0,0,1,0,0,0,1,0,0,0,0,0,0,0,0,0,0,0,0,0,0,5.224662529
45,0.64614274,-0.602527163,0.19914626,-1.241132632,0,1,0,0,1,0,0,0,0,0,0,0,0,0,0,0,0,0,0,0,0,6.176091259
46,0.64614274,-0.602527163,0.19914626,-1.241132632,0,1,0,0,1,0,0,0,0,0,0,0,0,0,0,0,0,0,0,0,0,6.301029996
47,0.64614274,-0.602527163,0.19914626,-1.241132632,0,1,0,0,1,0,0,0,0,0,0,0,0,0,0,0,0,0,0,0,0,5.567219343
48,0.64906903,0.14452569,-0.590075435,-1.241132632,0,0,1,0,0,0,0,0,0,0,0,0,0,0,0,0,0,1,0,0,0,5.656385719
49,0.64906903,0.14452569,0.469994,-1.241132632,0,0,1,0,0,0,0,0,0,0,0,0,0,0,0,0,0,1,0,0,0,5.214313897
50,0.64906903,0.14452569,0.19914626,-1.241132632,0,0,1,0,0,0,0,0,0,0,0,0,0,0,0,0,0,1,0,0,0,5.25163822
51,0.64906903,0.14452569,-2.180179588,-1.241132632,0,0,1,0,0,0,0,0,0,0,0,0,0,0,0,0,0,1,0,0,0,4.870988814
52,0.64906903,0.14452569,-2.180179588,-1.241132632,0,0,1,0,0,0,0,0,0,0,0,0,0,0,0,0,0,1,0,0,0,5.086003706
53,0.64906903,0.14452569,0.19914626,-1.241132632,0,0,1,0,0,0,0,0,0,0,0,0,0,0,0,0,0,1,0,0,0,4.922725458
54,0.64906903,1.099618579,0.19914626,-0.628061857,0,0,1,0,0,0,0,0,0,0,0,0,0,1,0,0,0,0,0,0,0,9
55,0.64906903,1.099618579,0.19914626,-0.628061857,0,0,1,0,0,0,0,0,0,0,0,0,0,1,0,0,0,0,0,0,0,4.781755375
56,0.64906903,1.099618579,0.19914626,-0.628061857,0,0,1,0,0,0,0,0,0,0,0,0,0,1,0,0,0,0,0,0,0,6.088950734
57,0.64906903,1.099618579,0.19914626,0.598079693,0,0,1,0,0,0,0,0,0,0,0,0,0,1,0,0,0,0,0,0,0,9
58,0.64906903,1.099618579,0.19914626,0.598079693,0,0,1,0,0,0,0,0,0,0,0,0,0,1,0,0,0,0,0,0,0,6.329499576
59,0.64906903,1.099618579,0.19914626,0.598079693,0,0,1,0,0,0,0,0,0,0,0,0,0,1,0,0,0,0,0,0,0,5.795532443
60,0.64906903,1.099618579,0.19914626,0.598079693,0,0,1,0,0,0,0,0,0,0,0,0,0,1,0,0,0,0,0,0,0,3.653212514
61,0.64906903,1.099618579,0.19914626,0.598079693,0,0,1,0,0,0,0,0,0,0,0,0,0,1,0,0,0,0,0,0,0,6.486756255
62,0.64906903,1.099618579,0.19914626,0.598079693,0,0,1,0,0,0,0,0,0,0,0,0,0,1,0,0,0,0,0,0,0,3.322219295
63,0.64906903,1.099618579,0.19914626,-0.628061857,0,0,1,0,0,0,0,0,0,0,0,0,0,1,0,0,0,0,0,0,0,5.660011221
64,0.64906903,1.099618579,0.19914626,-0.628061857,0,0,1,0,0,0,0,0,0,0,0,0,0,1,0,0,0,0,0,0,0,4
65,0.64906903,1.099618579,0.19914626,-0.628061857,0,0,1,0,0,0,0,0,0,0,0,0,0,1,0,0,0,0,0,0,0,9
66,0.64906903,-0.791654467,0.19914626,-0.628061857,0,0,1,0,0,0,0,0,0,0,0,0,0,1,0,0,0,0,0,0,0,9
67,0.64906903,-0.791654467,0.19914626,-0.628061857,0,0,1,0,0,0,0,0,0,0,0,0,0,1,0,0,0,0,0,0,0,3.934498451
68,0.64906903,-0.791654467,0.19914626,-0.628061857,0,0,1,0,0,0,0,0,0,0,0,0,0,1,0,0,0,0,0,0,0,3.146128036
69,-1.811940901,0.14452569,-1.968165701,0.598079693,0,0,1,0,0,0,0,0,0,0,0,0,0,0,0,0,0,1,0,0,0,7.071403284
70,-1.811940901,0.14452569,-0.74908585,0.598079693,0,0,1,0,0,0,0,0,0,0,0,0,0,0,0,0,0,1,0,0,0,6.053078443
71,-1.811940901,0.14452569,-0.325058076,0.598079693,0,0,1,0,0,0,0,0,0,0,0,0,0,0,0,0,0,1,0,0,0,6.227372442
72,-1.811940901,0.14452569,0.204976641,0.598079693,0,0,1,0,0,0,0,0,0,0,0,0,0,0,0,0,0,1,0,0,0,5.644438589
73,-1.811940901,0.34310936,0.19914626,-3.080344957,0,0,1,0,0,0,0,0,0,0,0,0,0,0,0,0,0,1,0,0,0,5.709269961
74,-1.811940901,0.34310936,-2.180179588,-3.080344957,0,0,1,0,0,0,0,0,0,0,0,0,0,0,0,0,0,1,0,0,0,5.212187604
75,-1.811940901,0.34310936,-1.915162229,-3.080344957,0,0,1,0,0,0,0,0,0,0,0,0,0,0,0,0,0,1,0,0,0,5.161368002
76,-1.811940901,0.34310936,-1.385127511,-3.080344957,0,0,1,0,0,0,0,0,0,0,0,0,0,0,0,0,0,1,0,0,0,5.227886705
77,-1.811940901,0.34310936,-1.120110152,-3.080344957,0,0,1,0,0,0,0,0,0,0,0,0,0,0,0,0,0,1,0,0,0,4.913813852
78,0.423419553,2.019722916,0.19914626,0.598079693,0,0,1,0,0,0,0,0,0,0,0,0,0,0,0,0,0,1,0,0,0,6.43806745
79,0.423419553,2.019722916,0.19914626,0.598079693,0,0,1,0,0,0,0,0,0,0,0,0,0,0,0,0,0,1,0,0,0,6.243781916
80,0.423419553,2.019722916,0.19914626,0.598079693,0,0,1,0,0,0,0,0,0,0,0,0,0,0,0,0,0,1,0,0,0,6.417969642
81,-0.113066956,2.019722916,0.19914626,0.598079693,0,0,1,0,0,0,0,0,0,0,0,0,1,0,0,0,0,0,0,0,0,9
82,-0.113066956,2.019722916,0.19914626,0.598079693,0,0,1,0,0,0,0,0,0,0,0,0,1,0,0,0,0,0,0,0,0,9
83,-0.113066956,2.019722916,0.19914626,0.598079693,0,0,1,0,0,0,0,0,0,0,0,0,1,0,0,0,0,0,0,0,0,9
84,0.423419553,2.019722916,0.19914626,0.598079693,0,0,1,0,0,0,0,0,0,0,0,0,0,0,0,0,0,1,0,0,0,5.698970004
85,0.423419553,2.019722916,0.19914626,0.598079693,0,0,1,0,0,0,0,0,0,0,0,0,0,0,0,0,0,1,0,0,0,6
86,0.423419553,2.019722916,0.19914626,0.598079693,0,0,1,0,0,0,0,0,0,0,0,0,0,0,0,0,0,1,0,0,0,6.176091259
87,0.423419553,2.019722916,0.19914626,0.598079693,0,0,1,0,0,0,0,0,0,0,0,0,0,0,0,0,0,1,0,0,0,6.301029996
88,-0.113066956,2.019722916,0.19914626,0.598079693,0,0,1,0,0,0,0,0,0,0,0,0,0,0,0,0,0,1,0,0,0,6.397940009
89,-0.113066956,2.019722916,0.19914626,0.598079693,0,0,1,0,0,0,0,0,0,0,0,0,1,0,0,0,0,0,0,0,0,6
90,-0.113066956,2.019722916,0.19914626,0.598079693,0,0,1,0,0,0,0,0,0,0,0,0,1,0,0,0,0,0,0,0,0,6.301029996
91,-0.113066956,2.019722916,0.19914626,0.598079693,0,0,1,0,0,0,0,0,0,0,0,0,1,0,0,0,0,0,0,0,0,6.397940009
92,0.171433465,0.9577731,0.19914626,-0.628061857,0,0,1,0,0,0,0,0,0,0,0,0,0,0,0,0,0,0,1,0,0,4.934498451
93,0.171433465,0.9577731,0.19914626,-0.628061857,0,0,1,0,0,0,0,0,0,0,0,0,0,0,0,0,0,0,1,0,0,4.819543936
94,0.171433465,0.9577731,0.19914626,-0.628061857,0,0,1,0,0,0,0,0,0,0,0,0,0,0,0,0,0,0,1,0,0,5.564666064
95,0.171433465,0.9577731,0.19914626,-0.628061857,0,0,1,0,0,0,0,0,0,0,0,0,0,0,0,0,0,0,1,0,0,5.426511261
96,0.171433465,0.9577731,0.19914626,-0.628061857,0,0,1,0,0,0,0,0,0,0,0,0,0,0,0,0,0,0,1,0,0,5.485721426
97,0.171433465,0.9577731,0.19914626,-0.628061857,0,0,1,0,0,0,0,0,0,0,0,0,0,0,0,0,0,0,1,0,0,5.650307523
98,0.171433465,1.98851691,0.19914626,-0.628061857,0,0,1,0,0,0,0,0,0,0,0,0,0,0,0,0,0,0,1,0,0,6.339053736
99,0.171433465,1.98851691,0.19914626,-0.628061857,0,0,1,0,0,0,0,0,0,0,0,0,0,0,0,0,0,0,1,0,0,5.641474111
100,0.171433465,1.98851691,0.19914626,-0.628061857,0,0,1,0,0,0,0,0,0,0,0,0,0,0,0,0,0,0,1,0,0,5.880813592
101,-1.226682891,0.14452569,0.19914626,-1.241132632,0,0,1,0,0,0,0,0,0,0,0,0,0,0,0,0,0,1,0,0,0,3.908485019
102,-1.226682891,0.14452569,-2.180179588,-1.241132632,0,0,1,0,0,0,0,0,0,0,0,0,0,0,0,0,0,1,0,0,0,3.322219295
103,-0.641424882,-1.132083616,0.469994,-1.241132632,0,0,1,0,0,0,0,0,0,0,0,0,0,0,0,0,0,1,0,0,0,5.789580712
104,-0.641424882,-1.132083616,0.469994,-1.241132632,0,0,1,0,0,0,0,0,0,0,0,0,0,0,0,0,0,1,0,0,0,5.288025535
105,-0.641424882,-1.132083616,0.469994,-1.241132632,0,0,1,0,0,0,0,0,0,0,0,0,0,0,0,0,0,1,0,0,0,5.27989498
106,-0.641424882,-1.132083616,0.469994,-1.241132632,0,0,1,0,0,0,0,0,0,0,0,0,0,0,0,0,0,1,0,0,0,4.692846919
107,-1.421768894,0.929404004,-1.862158757,-1.241132632,0,0,1,0,0,0,0,0,0,0,0,0,0,0,0,0,0,1,0,0,0,6.114944416
108,-1.421768894,0.768645796,-2.074172644,-1.241132632,0,0,1,0,0,0,0,0,0,0,0,0,0,0,0,0,0,1,0,0,0,5.915927212
109,-1.421768894,0.768645796,-2.074172644,-1.241132632,0,0,1,0,0,0,0,0,0,0,0,0,0,0,0,0,0,1,0,0,0,5.926856709
110,-1.421768894,0.768645796,-2.074172644,-1.241132632,0,0,1,0,0,0,0,0,0,0,0,0,0,0,0,0,0,1,0,0,0,5.814247596
111,-1.421768894,0.768645796,-2.074172644,-1.241132632,0,0,1,0,0,0,0,0,0,0,0,0,0,0,0,0,0,1,0,0,0,5.814247596
112,-1.421768894,-0.971325407,1.954091209,-1.241132632,0,0,1,0,0,0,0,0,0,0,0,0,0,0,0,0,0,1,0,0,0,4.722633923
113,-1.421768894,-0.971325407,1.954091209,-1.241132632,0,0,1,0,0,0,0,0,0,0,0,0,0,0,0,0,0,1,0,0,0,4.722633923
114,-1.421768894,-0.971325407,1.954091209,-1.241132632,0,0,1,0,0,0,0,0,0,0,0,0,0,0,0,0,0,1,0,0,0,4.767897616
115,-1.421768894,-0.971325407,1.954091209,-1.241132632,0,0,1,0,0,0,0,0,0,0,0,0,0,0,0,0,0,1,0,0,0,4.831869774
116,-1.421768894,-1.122627251,0.19914626,-1.241132632,0,0,1,0,0,0,0,0,0,0,0,0,0,0,0,0,0,1,0,0,0,6.501059262
117,-1.421768894,-1.122627251,0.19914626,-1.241132632,0,0,1,0,0,0,0,0,0,0,0,0,0,0,0,0,0,1,0,0,0,6.550717423
118,-1.421768894,-1.122627251,0.19914626,-1.241132632,0,0,1,0,0,0,0,0,0,0,0,0,0,0,0,0,0,1,0,0,0,6.710963119
119,-1.421768894,-1.122627251,0.19914626,-1.241132632,0,0,1,0,0,0,0,0,0,0,0,0,0,0,0,0,0,1,0,0,0,6.785044958
120,-1.421768894,-1.150996346,0.19914626,-1.241132632,0,0,1,0,0,0,0,0,0,0,0,0,0,0,0,0,0,1,0,0,0,7.329011216
121,-1.421768894,-1.150996346,0.19914626,-1.241132632,0,0,1,0,0,0,0,0,0,0,0,0,0,0,0,0,0,1,0,0,0,7.321494867
122,-1.421768894,-1.150996346,0.19914626,-1.241132632,0,0,1,0,0,0,0,0,0,0,0,0,0,0,0,0,0,1,0,0,0,7.385695625
123,-1.421768894,-1.150996346,0.19914626,-1.241132632,0,0,1,0,0,0,0,0,0,0,0,0,0,0,0,0,0,1,0,0,0,7.544068044
124,-1.421768894,-1.340123651,0.894021774,-1.241132632,0,0,1,0,0,0,0,0,0,0,0,0,0,0,0,0,0,1,0,0,0,4.790285164
125,-1.421768894,-1.340123651,0.894021774,-1.241132632,0,0,1,0,0,0,0,0,0,0,0,0,0,0,0,0,0,1,0,0,0,4.877946952
126,-1.421768894,-1.340123651,0.894021774,-1.241132632,0,0,1,0,0,0,0,0,0,0,0,0,0,0,0,0,0,1,0,0,0,5.041392685
127,-1.421768894,-1.340123651,0.894021774,-1.241132632,0,0,1,0,0,0,0,0,0,0,0,0,0,0,0,0,0,1,0,0,0,5.041392685
128,-1.421768894,-1.945331026,-1.067106681,-1.241132632,0,0,1,0,0,0,0,0,0,0,0,0,0,0,0,0,0,1,0,0,0,5.172310969
129,-1.421768894,-1.945331026,-1.067106681,-1.241132632,0,0,1,0,0,0,0,0,0,0,0,0,0,0,0,0,0,1,0,0,0,5.242541428
130,-1.421768894,-1.945331026,-1.067106681,-1.241132632,0,0,1,0,0,0,0,0,0,0,0,0,0,0,0,0,0,1,0,0,0,5.261500773
131,-1.421768894,-1.945331026,-1.067106681,-1.241132632,0,0,1,0,0,0,0,0,0,0,0,0,0,0,0,0,0,1,0,0,0,5.261500773
132,-1.421768894,0.14452569,0.19914626,-1.241132632,0,0,1,0,0,0,0,0,0,0,0,0,0,0,0,0,0,1,0,0,0,6.115167339
133,-0.153709874,-1.50088186,-0.378061548,0.598079693,0,0,1,0,0,0,0,0,0,0,0,0,0,0,0,0,0,1,0,0,0,6.605305046
134,-0.153709874,-1.50088186,1.424056492,0.598079693,0,0,1,0,0,0,0,0,0,0,0,0,0,0,0,0,0,1,0,0,0,5.806179974
135,-0.153709874,-1.50088186,1.636070379,0.598079693,0,0,1,0,0,0,0,0,0,0,0,0,0,0,0,0,0,1,0,0,0,5.204119983
136,-0.153709874,-1.50088186,1.689073851,0.598079693,0,0,1,0,0,0,0,0,0,0,0,0,0,0,0,0,0,1,0,0,0,5.342422681
137,-0.153709874,-1.50088186,1.583066907,0.598079693,0,0,1,0,0,0,0,0,0,0,0,0,0,0,0,0,0,1,0,0,0,5.681241237
138,-0.283767209,0.229632977,0.629004416,0.598079693,0,0,1,0,0,0,0,0,0,0,0,0,0,0,0,0,0,1,0,0,0,6.458637849
139,-0.283767209,0.229632977,0.629004416,0.598079693,0,0,1,0,0,0,0,0,0,0,0,0,0,0,0,0,0,1,0,0,0,6.40654018
140,-0.283767209,1.222551327,1.742077322,0.598079693,0,0,1,0,0,0,0,0,0,0,0,0,0,0,0,0,0,1,0,0,0,6.46834733
141,-0.283767209,-0.555245337,1.742077322,0.598079693,0,0,1,0,0,0,0,0,0,0,0,0,0,0,0,0,0,1,0,0,0,5.230448921
142,-0.283767209,-0.649808989,1.742077322,0.598079693,0,0,1,0,0,0,0,0,0,0,0,0,0,0,0,0,0,1,0,0,0,6.125481266
143,0.64906903,0.910491274,-1.072407028,0.598079693,0,0,1,0,0,0,0,0,0,0,0,0,0,0,0,0,0,1,0,0,0,5.752816431
144,0.64906903,0.910491274,-1.072407028,0.598079693,0,0,1,0,0,0,0,0,0,0,0,0,0,0,0,0,0,1,0,0,0,5.718169405
145,0.64906903,0.910491274,-0.802089322,0.598079693,0,0,1,0,0,0,0,0,0,0,0,0,0,0,0,0,0,1,0,0,0,5.857332496
146,0.64906903,0.910491274,0.565400249,0.598079693,0,0,1,0,0,0,0,0,0,0,0,0,0,0,0,0,0,1,0,0,0,4.922725458
147,0.64906903,0.910491274,0.703209276,0.598079693,0,0,1,0,0,0,0,0,0,0,0,0,0,0,0,0,0,1,0,0,0,5.015359755
148,0.64906903,0.910491274,0.841018303,0.598079693,0,0,1,0,0,0,0,0,0,0,0,0,0,0,0,0,0,1,0,0,0,4.984527313
149,0.64906903,0.910491274,1.932889821,0.598079693,0,0,1,0,0,0,0,0,0,0,0,0,0,0,0,0,0,1,0,0,0,4.781036939
150,0.64906903,0.910491274,-1.210216054,0.598079693,0,0,1,0,0,0,0,0,0,0,0,0,0,0,0,0,0,1,0,0,0,5.740362689
151,0.64906903,0.910491274,-1.48053376,0.598079693,0,0,1,0,0,0,0,0,0,0,0,0,0,0,0,0,0,1,0,0,0,5.957607287
152,0.64906903,0.910491274,-1.48053376,0.598079693,0,0,1,0,0,0,0,0,0,0,0,0,0,0,0,0,0,1,0,0,0,5.960470778
153,0.64906903,0.910491274,1.662572115,0.598079693,0,0,1,0,0,0,0,0,0,0,0,0,0,0,0,0,0,1,0,0,0,4.592176757
154,-0.901539552,1.561089202,-0.314457382,-1.241132632,0,0,1,0,0,0,0,0,0,0,0,0,0,0,0,0,0,1,0,0,0,4.875061263
155,-0.901539552,1.561089202,0.60250268,-1.241132632,0,0,1,0,0,0,0,0,0,0,0,0,0,0,0,0,0,1,0,0,0,4.832508913
156,-0.901539552,2.148329483,-1.231417443,-1.241132632,0,0,1,0,0,0,0,0,0,0,0,0,0,0,0,0,0,1,0,0,0,5.579783597
157,-0.901539552,2.148329483,-0.314457382,-1.241132632,0,0,1,0,0,0,0,0,0,0,0,0,0,0,0,0,0,1,0,0,0,5.322219295
158,-0.901539552,2.148329483,1.058332537,-1.241132632,0,0,1,0,0,0,0,0,0,0,0,0,0,0,0,0,0,1,0,0,0,4.799340549
159,-0.901539552,0.14452569,-1.231417443,-1.241132632,0,0,1,0,0,0,0,0,0,0,0,0,0,0,0,0,0,1,0,0,0,5.612783857
160,-0.901539552,0.14452569,-0.314457382,-1.241132632,0,0,1,0,0,0,0,0,0,0,0,0,0,0,0,0,0,1,0,0,0,5.69019608
161,-0.901539552,0.14452569,1.058332537,-1.241132632,0,0,1,0,0,0,0,0,0,0,0,0,0,0,0,0,0,1,0,0,0,4.69019608
162,-0.901539552,0.14452569,1.058332537,-1.241132632,0,0,1,0,0,0,0,0,0,0,0,0,0,0,0,0,0,1,0,0,0,4.77815125
163,-1.226682891,-0.299923476,-1.36922647,0.598079693,0,0,1,0,0,0,0,0,0,0,0,0,0,0,0,0,0,1,0,0,0,6.034187121
164,-1.226682891,-0.299923476,0.024764837,0.598079693,0,0,1,0,0,0,0,0,0,0,0,0,0,0,0,0,0,1,0,0,0,5.897352134
165,-1.226682891,-0.299923476,1.424056492,0.598079693,0,0,1,0,0,0,0,0,0,0,0,0,0,0,0,0,0,1,0,0,0,4.875061263
166,-1.226682891,-0.299923476,0.19914626,0.598079693,0,0,1,0,0,0,0,0,0,0,0,0,0,0,0,0,0,1,0,0,0,4.411619706
167,-1.226682891,-0.299923476,1.424056492,0.598079693,0,0,1,0,0,0,0,0,0,0,0,0,0,0,0,0,0,1,0,0,0,4.471291711
168,-1.226682891,-0.299923476,0.024764837,0.598079693,0,0,1,0,0,0,0,0,0,0,0,0,0,0,0,0,0,1,0,0,0,5.159567193
169,-1.226682891,0.172894786,-1.36922647,0.598079693,0,0,1,0,0,0,0,0,0,0,0,0,0,0,0,0,0,1,0,0,0,5.919966701
170,-1.226682891,0.172894786,0.024764837,0.598079693,0,0,1,0,0,0,0,0,0,0,0,0,0,0,0,0,0,1,0,0,0,5.446537167
171,-1.226682891,0.172894786,0.024764837,0.598079693,0,0,1,0,0,0,0,0,0,0,0,0,0,0,0,0,0,1,0,0,0,6.361009713
172,-1.226682891,0.172894786,0.024764837,0.598079693,0,0,1,0,0,0,0,0,0,0,0,0,0,0,0,0,0,1,0,0,0,5.201123897
173,-1.226682891,0.172894786,0.024764837,0.598079693,0,0,1,0,0,0,0,0,0,0,0,0,0,0,0,0,0,1,0,0,0,5.968856375
174,-1.226682891,0.172894786,0.024764837,0.598079693,0,0,1,0,0,0,0,0,0,0,0,0,0,0,0,0,0,1,0,0,0,5.420120848
175,-1.226682891,0.172894786,0.024764837,0.598079693,0,0,1,0,0,0,0,0,0,0,0,0,0,0,0,0,0,1,0,0,0,5.899492196
176,-1.226682891,0.172894786,0.024764837,0.598079693,0,0,1,0,0,0,0,0,0,0,0,0,0,0,0,0,0,1,0,0,0,4.843232778
177,-1.226682891,0.172894786,0.024764837,0.598079693,0,0,1,0,0,0,0,0,0,0,0,0,0,0,0,0,0,1,0,0,0,5.037426498
178,-1.421768894,-0.791654467,-1.65014487,-3.080344957,0,0,1,0,0,0,0,0,0,0,0,0,0,0,0,0,0,1,0,0,0,6.326335861
179,-1.421768894,-0.791654467,-1.65014487,-3.080344957,0,0,1,0,0,0,0,0,0,0,0,0,0,0,0,0,0,1,0,0,0,6.404063615
180,-1.421768894,-0.791654467,-1.65014487,-3.080344957,0,0,1,0,0,0,0,0,0,0,0,0,0,0,0,0,0,1,0,0,0,6.451571537
181,-1.421768894,-0.791654467,-0.060040717,-3.080344957,0,0,1,0,0,0,0,0,0,0,0,0,0,0,0,0,0,1,0,0,0,5.817499262
182,-1.421768894,-0.791654467,-0.060040717,-3.080344957,0,0,1,0,0,0,0,0,0,0,0,0,0,0,0,0,0,1,0,0,0,5.866700756
183,-1.421768894,-0.791654467,-0.060040717,-3.080344957,0,0,1,0,0,0,0,0,0,0,0,0,0,0,0,0,0,1,0,0,0,6.114210528
184,-1.421768894,-0.791654467,1.000028718,-3.080344957,0,0,1,0,0,0,0,0,0,0,0,0,0,0,0,0,0,1,0,0,0,5.364738555
185,-1.421768894,-0.791654467,1.000028718,-3.080344957,0,0,1,0,0,0,0,0,0,0,0,0,0,0,0,0,0,1,0,0,0,5.438384107
186,-1.421768894,-0.791654467,1.000028718,-3.080344957,0,0,1,0,0,0,0,0,0,0,0,0,0,0,0,0,0,1,0,0,0,5.20790353
187,0.46406247,0.532236665,0.19914626,0.598079693,0,0,1,0,0,0,0,0,0,0,0,0,0,0,0,0,0,1,0,0,0,6.792391689
188,0.46406247,0.437673012,0.19914626,0.598079693,0,0,1,0,0,0,0,0,0,0,0,0,0,0,0,0,0,1,0,0,0,6.079181246
189,0.46406247,1.57243684,0.19914626,0.598079693,0,0,1,0,0,0,0,0,0,0,0,0,0,0,0,0,0,1,0,0,0,6.707570176
190,0.46406247,0.437673012,0.19914626,0.598079693,0,0,1,0,0,0,0,0,0,0,0,0,0,0,0,0,0,1,0,0,0,6.544068044
191,0.46406247,0.437673012,0.19914626,0.598079693,0,0,1,0,0,0,0,0,0,0,0,0,0,0,0,0,0,1,0,0,0,6.806179974
192,0.46406247,0.437673012,0.19914626,0.598079693,0,0,1,0,0,0,0,0,0,0,0,0,0,0,0,0,0,1,0,0,0,5.309630167
193,0.46406247,0.437673012,0.19914626,0.598079693,0,0,1,0,0,0,0,0,0,0,0,0,0,0,0,0,0,1,0,0,0,5.29666519
194,0.46406247,0.437673012,0.19914626,0.598079693,0,0,1,0,0,0,0,0,0,0,0,0,0,0,0,0,0,1,0,0,0,6.040997692
195,0.46406247,0.437673012,0.19914626,0.598079693,0,0,1,0,0,0,0,0,0,0,0,0,0,0,0,0,0,1,0,0,0,5.674861141
196,0.46406247,0.437673012,0.19914626,0.598079693,0,0,1,0,0,0,0,0,0,0,0,0,0,0,0,0,0,1,0,0,0,5.713490543
197,0.46406247,0.437673012,0.19914626,0.598079693,0,0,1,0,0,0,0,0,0,0,0,0,0,0,0,0,0,1,0,0,0,5.7355989
198,0.46406247,0.437673012,0.19914626,0.598079693,0,0,1,0,0,0,0,0,0,0,0,0,0,0,0,0,0,1,0,0,0,5.733999287
199,0.46406247,0.437673012,0.19914626,0.598079693,0,0,1,0,0,0,0,0,0,0,0,0,0,0,0,0,0,1,0,0,0,5.729974286
200,0.46406247,0.437673012,0.19914626,0.598079693,0,0,1,0,0,0,0,0,0,0,0,0,0,0,0,0,0,1,0,0,0,6.087426457
201,0.46406247,0.437673012,0.19914626,0.598079693,0,0,1,0,0,0,0,0,0,0,0,0,0,0,0,0,0,1,0,0,0,6.112269768
202,0.46406247,0.437673012,0.19914626,0.598079693,0,0,1,0,0,0,0,0,0,0,0,0,0,0,0,0,0,1,0,0,0,6.106190897
203,0.46406247,0.437673012,0.19914626,0.598079693,0,0,1,0,0,0,0,0,0,0,0,0,0,0,0,0,0,1,0,0,0,5.898725182
204,0.46406247,0.437673012,0.19914626,0.598079693,0,0,1,0,0,0,0,0,0,0,0,0,0,0,0,0,0,1,0,0,0,6.158362492
205,0.46406247,0.437673012,0.19914626,0.598079693,0,0,1,0,0,0,0,0,0,0,0,0,0,0,0,0,0,1,0,0,0,6.135132651
206,0.46406247,0.437673012,0.19914626,0.598079693,0,0,1,0,0,0,0,0,0,0,0,0,0,0,0,0,0,1,0,0,0,5.8876173
207,0.46406247,0.437673012,0.19914626,0.598079693,0,0,1,0,0,0,0,0,0,0,0,0,0,0,0,0,0,1,0,0,0,5.866287339
208,0.46406247,0.437673012,0.19914626,0.598079693,0,0,1,0,0,0,0,0,0,0,0,0,0,0,0,0,0,1,0,0,0,6.530967682
209,0.46406247,0.437673012,0.19914626,0.598079693,0,0,1,0,0,0,0,0,0,0,0,0,0,0,0,0,0,1,0,0,0,6.764997599
210,0.46406247,0.437673012,0.19914626,0.598079693,0,0,1,0,0,0,0,0,0,0,0,0,0,0,0,0,0,1,0,0,0,5.881384657
211,0.46406247,0.437673012,0.19914626,0.598079693,0,0,1,0,0,0,0,0,0,0,0,0,0,0,0,0,0,1,0,0,0,6.241546481
212,0.46406247,0.437673012,0.19914626,0.598079693,0,0,1,0,0,0,0,0,0,0,0,0,0,0,0,0,0,1,0,0,0,6.505963518
213,0.46406247,0.721363969,0.19914626,0.598079693,0,0,1,0,0,0,0,0,0,0,0,0,0,0,0,0,0,1,0,0,0,5.878521796
214,0.46406247,0.721363969,0.19914626,0.598079693,0,0,1,0,0,0,0,0,0,0,0,0,0,0,0,0,0,1,0,0,0,5.883661435
215,0.46406247,0.721363969,0.19914626,0.598079693,0,0,1,0,0,0,0,0,0,0,0,0,0,0,0,0,0,1,0,0,0,5.877371346
216,0.46406247,0.721363969,0.19914626,0.598079693,0,0,1,0,0,0,0,0,0,0,0,0,0,0,0,0,0,1,0,0,0,5.740362689
217,0.46406247,0.721363969,0.19914626,0.598079693,0,0,1,0,0,0,0,0,0,0,0,0,0,0,0,0,0,1,0,0,0,5.740362689
218,0.46406247,0.721363969,0.19914626,0.598079693,0,0,1,0,0,0,0,0,0,0,0,0,0,0,0,0,0,1,0,0,0,5.73239376
219,0.46406247,0.721363969,0.19914626,0.598079693,0,0,1,0,0,0,0,0,0,0,0,0,0,0,0,0,0,1,0,0,0,5.88536122
220,0.46406247,0.721363969,0.19914626,0.598079693,0,0,1,0,0,0,0,0,0,0,0,0,0,0,0,0,0,1,0,0,0,5.905256049
221,0.46406247,0.721363969,0.19914626,0.598079693,0,0,1,0,0,0,0,0,0,0,0,0,0,0,0,0,0,1,0,0,0,5.880241776
222,0.46406247,0.721363969,0.19914626,0.598079693,0,0,1,0,0,0,0,0,0,0,0,0,0,0,0,0,0,1,0,0,0,5.882524538
223,0.46406247,0.721363969,0.19914626,0.598079693,0,0,1,0,0,0,0,0,0,0,0,0,0,0,0,0,0,1,0,0,0,5.879669206
224,0.46406247,0.721363969,0.19914626,0.598079693,0,0,1,0,0,0,0,0,0,0,0,0,0,0,0,0,0,1,0,0,0,5.876794976
225,0.46406247,0.721363969,0.19914626,0.598079693,0,0,1,0,0,0,0,0,0,0,0,0,0,0,0,0,0,1,0,0,0,5.886490725
226,0.46406247,0.721363969,0.19914626,0.598079693,0,0,1,0,0,0,0,0,0,0,0,0,0,0,0,0,0,1,0,0,0,5.894869657
227,0.46406247,0.721363969,0.19914626,0.598079693,0,0,1,0,0,0,0,0,0,0,0,0,0,0,0,0,0,1,0,0,0,5.875061263
228,0.46406247,0.721363969,0.19914626,0.598079693,0,0,1,0,0,0,0,0,0,0,0,0,0,0,0,0,0,1,0,0,0,5.877371346
229,0.46406247,0.721363969,0.19914626,0.598079693,0,0,1,0,0,0,0,0,0,0,0,0,0,0,0,0,0,1,0,0,0,5.875061263
230,0.46406247,0.721363969,0.19914626,0.598079693,0,0,1,0,0,0,0,0,0,0,0,0,0,0,0,0,0,1,0,0,0,5.876794976
231,0.46406247,0.721363969,0.19914626,0.598079693,0,0,1,0,0,0,0,0,0,0,0,0,0,0,0,0,0,1,0,0,0,5.938519725
232,0.46406247,0.721363969,0.19914626,0.598079693,0,0,1,0,0,0,0,0,0,0,0,0,0,0,0,0,0,1,0,0,0,5.51054501
233,0.46406247,0.721363969,0.19914626,0.598079693,0,0,1,0,0,0,0,0,0,0,0,0,0,0,0,0,0,1,0,0,0,5.652246341
234,0.46406247,0.721363969,0.19914626,0.598079693,0,0,1,0,0,0,0,0,0,0,0,0,0,0,0,0,0,1,0,0,0,5.765668555
235,0.46406247,0.721363969,0.19914626,0.598079693,0,0,1,0,0,0,0,0,0,0,0,0,0,0,0,0,0,1,0,0,0,5.878521796
236,0.46406247,0.721363969,0.19914626,0.598079693,0,0,1,0,0,0,0,0,0,0,0,0,0,0,0,0,0,1,0,0,0,6.082066934
237,0.64614274,0.56060576,-1.491134455,0.598079693,0,1,0,0,0,0,0,0,0,1,0,0,0,0,0,0,0,0,0,0,0,9
238,0.64614274,-1.122627251,0.363987057,0.598079693,0,1,0,0,0,0,0,0,0,1,0,0,0,0,0,0,0,0,0,0,0,6.639775259
239,0.64614274,-1.122627251,2.166105096,0.598079693,0,1,0,0,0,0,0,0,0,1,0,0,0,0,0,0,0,0,0,0,0,5.058426024
240,0.64614274,-1.122627251,2.166105096,0.598079693,0,1,0,0,0,0,0,0,0,1,0,0,0,0,0,0,0,0,0,0,0,5.214843848
241,0.64614274,-1.122627251,0.19914626,0.598079693,0,1,0,0,0,0,0,0,0,1,0,0,0,0,0,0,0,0,0,0,0,5.533517862
242,2.265356566,-1.406318207,0.19914626,0.598079693,0,1,0,0,0,0,0,0,0,1,0,0,0,0,0,0,0,0,0,0,0,4.764922985
243,2.265356566,-1.406318207,0.19914626,0.598079693,0,1,0,0,0,0,0,0,0,1,0,0,0,0,0,0,0,0,0,0,0,5.322839273
244,2.265356566,-1.406318207,0.19914626,0.598079693,0,1,0,0,0,0,0,0,0,1,0,0,0,0,0,0,0,0,0,0,0,4.748962861
245,0.64614274,0.305283899,0.19914626,0.598079693,0,1,0,0,0,0,0,0,0,1,0,0,0,0,0,0,0,0,0,0,0,9
246,1.836167359,0.437673012,0.19914626,0.598079693,0,1,0,0,0,0,0,0,0,1,0,0,0,0,0,0,0,0,0,0,0,9
247,0.64614274,-1.377949112,0.19914626,0.598079693,0,1,0,0,0,0,0,0,0,1,0,0,0,0,0,0,0,0,0,0,0,3.991226076
248,0.64614274,-1.377949112,0.19914626,0.598079693,0,1,0,0,0,0,0,0,0,1,0,0,0,0,0,0,0,0,0,0,0,4.33243846
249,0.64614274,-1.377949112,0.19914626,0.598079693,0,1,0,0,0,0,0,0,0,1,0,0,0,0,0,0,0,0,0,0,0,5.007747778
250,0.64906903,-0.114578717,-1.468872997,0.598079693,0,1,0,0,0,0,0,0,0,0,0,0,0,0,0,0,0,1,0,0,0,5.397592434
251,0.64906903,-0.055949253,-1.468872997,0.598079693,0,1,0,0,0,0,0,0,0,0,0,0,0,0,0,0,0,1,0,0,0,5.701395269
252,0.64906903,-0.114578717,-1.468872997,0.598079693,0,1,0,0,0,0,0,0,0,0,0,0,0,0,0,0,0,1,0,0,0,6.009833179
253,0.64906903,-0.055949253,-0.33565877,0.598079693,0,1,0,0,0,0,0,0,0,0,0,0,0,0,0,0,0,1,0,0,0,6.105101245
254,0.64906903,-0.114578717,-0.33565877,0.598079693,0,1,0,0,0,0,0,0,0,0,0,0,0,0,0,0,0,1,0,0,0,6.184208613
255,0.64906903,-0.055949253,0.797025421,0.598079693,0,1,0,0,0,0,0,0,0,0,0,0,0,0,0,0,0,1,0,0,0,6.332074712
256,0.64906903,-0.114578717,1.856564821,0.598079693,0,1,0,0,0,0,0,0,0,0,0,0,0,0,0,0,0,1,0,0,0,6.356140634
257,0.64906903,0.14452569,0.19914626,0.598079693,0,0,1,0,0,0,0,0,0,0,0,0,0,0,0,0,0,1,0,0,0,6.230448921
258,0.64906903,0.14452569,0.19914626,0.598079693,0,0,1,0,0,0,0,0,0,0,0,0,0,0,0,0,0,1,0,0,0,5.556302501
259,0.64906903,0.14452569,0.19914626,0.598079693,0,0,1,0,0,0,0,0,0,0,0,0,0,0,0,0,0,1,0,0,0,5.477121255
260,0.64906903,0.14452569,0.19914626,0.598079693,0,0,1,0,0,0,0,0,0,0,0,0,0,0,0,0,0,1,0,0,0,4.301029996
261,0.64906903,0.14452569,0.19914626,0.598079693,0,0,1,0,0,0,0,0,0,0,0,0,0,0,0,0,0,1,0,0,0,6.325006362
262,0.64906903,0.14452569,0.19914626,0.598079693,0,0,1,0,0,0,0,0,0,0,0,0,0,0,0,0,0,1,0,0,0,6.355120549
263,0.64906903,0.14452569,0.19914626,0.598079693,0,0,1,0,0,0,0,0,0,0,0,0,0,0,0,0,0,1,0,0,0,6.398925607
264,1.667092823,0.14452569,0.19914626,0.598079693,0,0,1,0,0,0,0,0,0,0,0,0,0,0,0,0,1,0,0,0,0,9
265,1.667092823,0.14452569,0.19914626,0.598079693,0,0,1,0,0,0,0,0,0,0,0,0,0,0,0,0,1,0,0,0,0,9
266,1.667092823,0.14452569,0.19914626,0.598079693,0,0,1,0,0,0,0,0,0,0,0,0,0,0,0,0,1,0,0,0,0,9
267,0.64614274,-1.672987707,0.19914626,0.598079693,0,1,0,1,0,0,0,0,0,0,0,0,0,0,0,0,0,0,0,0,0,4.461520226
268,0.64614274,-1.672987707,0.19914626,0.598079693,0,1,0,1,0,0,0,0,0,0,0,0,0,0,0,0,0,0,0,0,0,4.679719485
269,0.64614274,-1.672987707,0.19914626,0.598079693,0,1,0,1,0,0,0,0,0,0,0,0,0,0,0,0,0,0,0,0,0,4.737837719
270,0.64614274,-1.672987707,0.19914626,0.598079693,0,1,0,1,0,0,0,0,0,0,0,0,0,0,0,0,0,0,0,0,0,4.860053004
271,0.64614274,-1.672987707,0.19914626,0.598079693,0,1,0,1,0,0,0,0,0,0,0,0,0,0,0,0,0,0,0,0,0,4.788738309
272,0.64614274,-1.672987707,0.19914626,0.598079693,0,1,0,1,0,0,0,0,0,0,0,0,0,0,0,0,0,0,0,0,0,4.867324512
273,0.64614274,-1.672987707,2.142518551,0.598079693,0,1,0,1,0,0,0,0,0,0,0,0,0,0,0,0,0,0,0,0,0,4.857090533
274,0.64614274,-1.672987707,2.203631554,0.598079693,0,1,0,1,0,0,0,0,0,0,0,0,0,0,0,0,0,0,0,0,0,5.101467228
275,0.64614274,-1.672987707,0.19914626,0.598079693,0,1,0,1,0,0,0,0,0,0,0,0,0,0,0,0,0,0,0,0,0,5.338518549
276,0.64614274,-1.672987707,0.19914626,0.598079693,0,1,0,1,0,0,0,0,0,0,0,0,0,0,0,0,0,0,0,0,0,5.226537251
277,0.64614274,-1.672987707,2.187306485,0.598079693,0,1,0,1,0,0,0,0,0,0,0,0,0,0,0,0,0,0,0,0,0,5.703548498
278,0.64614274,-1.672987707,0.288669123,0.598079693,0,1,0,1,0,0,0,0,0,0,0,0,0,0,0,0,0,0,0,0,0,5.789298488
279,0.64614274,-1.672987707,0.281566658,0.598079693,0,1,0,1,0,0,0,0,0,0,0,0,0,0,0,0,0,0,0,0,0,6.051072952
280,0.64614274,-1.672987707,0.341937612,0.598079693,0,1,0,1,0,0,0,0,0,0,0,0,0,0,0,0,0,0,0,0,0,6.321627095
281,0.64614274,-1.672987707,-1.497229854,0.598079693,0,1,0,1,0,0,0,0,0,0,0,0,0,0,0,0,0,0,0,0,0,6.71283449
282,0.64614274,-1.672987707,2.155398395,0.598079693,0,1,0,1,0,0,0,0,0,0,0,0,0,0,0,0,0,0,0,0,0,6.881533589
283,0.64906903,0.14452569,2.200172018,0.653256063,0,1,0,0,0,0,0,0,0,0,0,0,0,0,0,0,0,1,0,0,0,3.764388518
284,0.64906903,0.14452569,0.395018469,0.653256063,0,1,0,0,0,0,0,0,0,0,0,0,0,0,0,0,0,1,0,0,0,4.501798564
285,0.64906903,0.14452569,-1.503624723,0.653256063,0,1,0,0,0,0,0,0,0,0,0,0,0,0,0,0,0,1,0,0,0,4.690647485
286,0.64906903,0.14452569,0.19914626,0.653256063,0,1,0,0,0,0,0,0,0,0,0,0,0,0,0,0,0,1,0,0,0,5.508992806
287,0.64906903,0.14452569,0.19914626,0.653256063,0,1,0,0,0,0,0,0,0,0,0,0,0,0,0,0,0,1,0,0,0,7.163669065
288,0.64906903,0.14452569,2.16401782,0.653256063,0,1,0,0,0,0,0,0,0,0,0,0,0,0,0,1,0,0,0,0,0,5.097315437
289,0.64906903,0.14452569,0.357768689,0.653256063,0,1,0,0,0,0,0,0,0,0,0,0,0,0,0,1,0,0,0,0,0,5.046979868
290,0.64906903,0.14452569,0.357038302,0.653256063,0,1,0,0,0,0,0,0,0,0,0,0,0,0,0,1,0,0,0,0,0,4.963087246
291,0.64906903,0.14452569,-1.471852852,0.653256063,0,1,0,0,0,0,0,0,0,0,0,0,0,0,0,1,0,0,0,0,0,6.691275168
292,0.64906903,0.14452569,0.19914626,0.653256063,0,1,0,0,0,0,0,0,1,0,0,0,0,0,0,0,0,0,0,0,0,6.735207639
293,0.64906903,0.14452569,0.19914626,0.653256063,0,1,0,0,0,0,0,0,1,0,0,0,0,0,0,0,0,0,0,0,0,6.673336866
294,0.64906903,0.14452569,0.19914626,0.653256063,0,1,0,0,0,0,0,0,0,0,1,0,0,0,0,0,0,0,0,0,0,5.303284951
295,0.64906903,0.14452569,0.19914626,0.653256063,0,1,0,0,0,0,0,0,0,0,1,0,0,0,0,0,0,0,0,0,0,6.768927151
296,0.64906903,0.14452569,0.19914626,0.653256063,0,1,0,0,0,0,0,0,0,1,0,0,0,0,0,0,0,0,0,0,0,4.974331232
297,0.64906903,0.14452569,0.19914626,0.653256063,0,1,0,0,0,0,0,0,0,1,0,0,0,0,0,0,0,0,0,0,0,5.629402827
298,0.64906903,0.14452569,0.19914626,0.653256063,0,1,0,0,0,0,0,0,0,1,0,0,0,0,0,0,0,0,0,0,0,5.850016115
299,0.64906903,0.14452569,0.19914626,0.653256063,0,1,0,0,0,0,0,0,0,0,0,0,0,0,0,0,0,0,0,1,0,5.483616814
300,0.64906903,0.14452569,2.150505645,0.653256063,0,1,0,0,0,0,0,0,0,0,0,0,0,0,0,0,0,0,0,1,0,5.740950299
301,0.64906903,0.14452569,0.19914626,0.653256063,0,1,0,0,0,0,0,0,0,0,0,0,0,0,0,0,0,0,0,1,0,3.092982265
302,0.64906903,-1.659748796,0.19914626,0.598079693,0,1,0,0,0,0,0,0,1,0,0,0,0,0,0,0,0,0,0,0,0,9
303,0.64906903,-1.313645828,0.19914626,0.598079693,0,1,0,0,0,0,0,0,0,0,1,0,0,0,0,0,0,0,0,0,0,9
304,0.64906903,-1.405372571,2.185716381,0.598079693,0,1,0,0,0,0,0,0,0,1,0,0,0,0,0,0,0,0,0,0,0,4.748606609
305,0.64906903,-1.405372571,2.185716381,0.598079693,0,1,0,0,0,0,0,0,0,1,0,0,0,0,0,0,0,0,0,0,0,5.322876443
306,0.64906903,-1.124518524,2.185716381,0.598079693,0,1,0,0,0,0,0,0,0,1,0,0,0,0,0,0,0,0,0,0,0,5.533484806
307,0.64906903,-1.405372571,2.185716381,0.598079693,0,1,0,0,0,0,0,0,0,1,0,0,0,0,0,0,0,0,0,0,0,4.764930447
308,0.64906903,-1.124518524,2.185716381,0.598079693,0,1,0,0,0,0,0,0,0,1,0,0,0,0,0,0,0,0,0,0,0,5.058604413
309,0.64906903,-1.124518524,2.185716381,0.598079693,0,1,0,0,0,0,0,0,0,1,0,0,0,0,0,0,0,0,0,0,0,5.214936523
310,0.64906903,-1.124518524,2.185716381,0.598079693,0,1,0,0,0,0,0,0,0,1,0,0,0,0,0,0,0,0,0,0,0,6.639676004
311,0.64906903,-1.124518524,2.185716381,0.598079693,0,1,0,0,0,0,0,0,0,1,0,0,0,0,0,0,0,0,0,0,0,9
312,-1.096625556,-0.238457102,2.187306485,0.598079693,0,0,1,0,0,0,0,0,0,0,0,0,0,0,0,0,0,1,0,0,0,4.69019608
313,-1.096625556,-0.238457102,2.187306485,0.598079693,0,0,1,0,0,0,0,0,0,0,0,0,0,0,0,0,0,1,0,0,0,4.698970004
314,-1.096625556,-0.238457102,1.455858575,0.598079693,0,0,1,0,0,0,0,0,0,0,0,0,0,0,0,0,0,1,0,0,0,4.86923172
315,-1.096625556,-0.238457102,0.724410665,0.598079693,0,0,1,0,0,0,0,0,0,0,0,0,0,0,0,0,0,1,0,0,0,4.973127854
316,-1.096625556,-0.238457102,0.35868671,0.598079693,0,0,1,0,0,0,0,0,0,0,0,0,0,0,0,0,0,1,0,0,0,5.743509765
317,-1.096625556,-0.238457102,-0.007037246,0.598079693,0,0,1,0,0,0,0,0,0,0,0,0,0,0,0,0,0,1,0,0,0,5.753583059
318,-1.096625556,-0.238457102,-0.372761201,0.598079693,0,0,1,0,0,0,0,0,0,0,0,0,0,0,0,0,0,1,0,0,0,5.220108088
319,-1.096625556,-0.238457102,-0.372761201,0.598079693,0,0,1,0,0,0,0,0,0,0,0,0,0,0,0,0,0,1,0,0,0,6.40363519
320,-1.096625556,-0.238457102,-0.738485156,0.598079693,0,0,1,0,0,0,0,0,0,0,0,0,0,0,0,0,0,1,0,0,0,6.213783299
321,-1.096625556,-0.238457102,-1.104209111,0.598079693,0,0,1,0,0,0,0,0,0,0,0,0,0,0,0,0,0,1,0,0,0,6.137354111
322,-1.096625556,-0.238457102,-1.469933066,0.598079693,0,0,1,0,0,0,0,0,0,0,0,0,0,0,0,0,0,1,0,0,0,9
323,-1.096625556,0.022538579,-1.835657021,0.598079693,0,0,1,0,0,0,0,0,0,0,0,0,0,0,0,0,0,1,0,0,0,9
324,-1.096625556,0.022538579,0.19914626,0.598079693,0,0,1,0,0,0,0,0,0,0,0,0,0,0,0,0,0,1,0,0,0,9
325,-1.096625556,0.022538579,0.19914626,0.598079693,0,0,1,0,0,0,0,0,0,0,0,0,0,0,0,0,0,1,0,0,0,9
326,-2.884913918,0.022538579,2.187306485,0.598079693,0,0,1,0,0,0,0,0,0,0,0,0,0,0,0,0,0,1,0,0,0,4.431363764
327,-2.884913918,0.022538579,1.455858575,0.598079693,0,0,1,0,0,0,0,0,0,0,0,0,0,0,0,0,0,1,0,0,0,4.77815125
328,-2.884913918,0.022538579,0.724410665,0.598079693,0,0,1,0,0,0,0,0,0,0,0,0,0,0,0,0,0,1,0,0,0,5.45484486
329,-2.884913918,0.022538579,0.35868671,0.598079693,0,0,1,0,0,0,0,0,0,0,0,0,0,0,0,0,0,1,0,0,0,5.276461804
330,-2.884913918,0.022538579,-0.007037246,0.598079693,0,0,1,0,0,0,0,0,0,0,0,0,0,0,0,0,0,1,0,0,0,5.195899652
331,-2.884913918,0.022538579,-0.372761201,0.598079693,0,0,1,0,0,0,0,0,0,0,0,0,0,0,0,0,0,1,0,0,0,5.970811611
332,-2.884913918,0.022538579,-0.738485156,0.598079693,0,0,1,0,0,0,0,0,0,0,0,0,0,0,0,0,0,1,0,0,0,5.602059991
333,-2.884913918,0.022538579,-1.104209111,0.598079693,0,0,1,0,0,0,0,0,0,0,0,0,0,0,0,0,0,1,0,0,0,5.389520466
334,-2.884913918,0.022538579,-1.469933066,0.598079693,0,0,1,0,0,0,0,0,0,0,0,0,0,0,0,0,0,1,0,0,0,5.77815125
335,-2.884913918,0.022538579,-1.835657021,0.598079693,0,0,1,0,0,0,0,0,0,0,0,0,0,0,0,0,0,1,0,0,0,9
336,-2.884913918,0.022538579,0.19914626,0.598079693,0,0,1,0,0,0,0,0,0,0,0,0,0,0,0,0,0,1,0,0,0,9
337,0.64906903,2.045255102,0.19914626,0.598079693,0,0,1,0,0,0,0,0,0,0,0,0,0,0,0,0,0,1,0,0,0,5.025305865
338,0.64906903,2.045255102,0.19914626,0.598079693,0,0,1,0,0,0,0,0,0,0,0,0,0,0,0,0,0,1,0,0,0,6.035513787
339,0.64906903,2.045255102,0.19914626,0.598079693,0,0,1,0,0,0,0,0,0,0,0,0,0,0,0,0,0,1,0,0,0,4.8162413
340,0.64906903,2.045255102,0.19914626,0.598079693,0,0,1,0,0,0,0,0,0,0,0,0,0,0,0,0,0,1,0,0,0,5.342797591
341,0.64906903,2.045255102,0.19914626,0.598079693,0,0,1,0,0,0,0,0,0,0,0,0,0,0,0,0,0,1,0,0,0,5.55222518
342,0.64906903,2.045255102,0.19914626,0.598079693,0,0,1,0,0,0,0,0,0,0,0,0,0,0,0,0,0,1,0,0,0,5.337009759
343,0.64906903,2.045255102,0.19914626,0.598079693,0,0,1,0,0,0,0,0,0,0,0,0,0,0,0,0,0,1,0,0,0,5.59418143
344,0.64906903,2.045255102,0.19914626,0.598079693,0,0,1,0,0,0,0,0,0,0,0,0,0,0,0,0,0,1,0,0,0,5.692477656
345,0.64906903,2.045255102,0.19914626,0.598079693,0,0,1,0,0,0,0,0,0,0,0,0,0,0,0,0,0,1,0,0,0,6.184909942
346,0.64906903,2.045255102,0.19914626,0.598079693,0,0,1,0,0,0,0,0,0,0,0,0,0,0,0,0,0,1,0,0,0,6.243719976
347,0.64906903,2.045255102,0.19914626,0.598079693,0,0,1,0,0,0,0,0,0,0,0,0,0,0,0,0,0,1,0,0,0,6.810232518
348,0.64906903,2.045255102,0.19914626,0.598079693,0,0,1,0,0,0,0,0,0,0,0,0,0,0,0,0,0,1,0,0,0,6.247211971
349,0.64906903,2.045255102,0.19914626,0.598079693,0,0,1,0,0,0,0,0,0,0,0,0,0,0,0,0,0,1,0,0,0,5.073406719
350,0.64906903,2.045255102,0.19914626,0.598079693,0,0,1,0,0,0,0,0,0,0,0,0,0,0,0,0,0,1,0,0,0,6.152288344
351,1.764635824,-1.037519963,1.477059964,-1.241132632,0,0,1,0,0,0,0,0,0,0,0,0,0,0,0,0,0,1,0,0,0,4.880813592
352,1.764635824,-0.952412676,-0.219051133,-1.241132632,0,0,1,0,0,0,0,0,0,0,0,0,0,0,0,0,0,1,0,0,0,5.64246452
353,1.764635824,-0.838936294,-0.219051133,-1.241132632,0,0,1,0,0,0,0,0,0,0,0,0,0,0,0,0,0,1,0,0,0,6.28780173
354,1.764635824,-0.678178085,2.325115512,-1.241132632,0,0,1,0,0,0,0,0,0,0,0,0,0,0,0,0,0,1,0,0,0,4.62324929
355,1.764635824,-1.018607233,-0.696082378,-1.241132632,0,0,1,0,0,0,0,0,0,0,0,0,0,0,0,0,0,1,0,0,0,6.230448921
356,1.764635824,-1.009150868,0.045966226,-1.241132632,0,0,1,0,0,0,0,0,0,0,0,0,0,0,0,0,0,1,0,0,0,5.831869774
357,1.764635824,-1.51979459,0.522997472,-1.241132632,0,0,1,0,0,0,0,0,0,0,0,0,0,0,0,0,0,1,0,0,0,5.799340549
358,1.764635824,-0.933499946,0.522997472,-1.241132632,0,0,1,0,0,0,0,0,0,0,0,0,0,0,0,0,0,1,0,0,0,5.682145076
359,1.764635824,-0.337748936,-0.43106502,-1.241132632,0,0,1,0,0,0,0,0,0,0,0,0,0,0,0,0,0,1,0,0,0,6.342422681
360,1.764635824,-0.176990728,0.735011359,-1.241132632,0,0,1,0,0,0,0,0,0,0,0,0,0,0,0,0,0,1,0,0,0,5.825426118
361,1.764635824,-0.176990728,0.19914626,-1.241132632,0,0,1,0,0,0,0,0,0,0,0,0,0,0,0,0,0,1,0,0,0,4.322219295
362,1.764635824,-0.791654467,0.19914626,-1.241132632,0,0,1,0,0,0,0,0,0,0,0,0,0,0,0,0,0,1,0,0,0,5.81756537
363,1.764635824,-0.820023563,-2.657210833,-1.241132632,0,0,1,0,0,0,0,0,0,0,0,0,0,0,0,0,0,1,0,0,0,4.123851641
364,1.764635824,-0.734916276,1.212042605,-1.241132632,0,0,1,0,0,0,0,0,0,0,0,0,0,0,0,0,0,1,0,0,0,3.954242509
365,1.764635824,-0.763285372,1.212042605,-1.241132632,0,0,1,0,0,0,0,0,0,0,0,0,0,0,0,0,0,1,0,0,0,3.77815125
366,1.764635824,-1.094258155,1.000028718,-1.241132632,0,0,1,0,0,0,0,0,0,0,0,0,0,0,0,0,0,1,0,0,0,3.934498451
367,1.764635824,-1.179365442,-2.657210833,-1.241132632,0,0,1,0,0,0,0,0,0,0,0,0,0,0,0,0,0,1,0,0,0,5.217483944
368,1.764635824,-1.217190903,0.19914626,-1.241132632,0,0,1,0,0,0,0,0,0,0,0,0,0,0,0,0,0,1,0,0,0,5.025305865
369,1.764635824,-0.498507145,0.19914626,-1.241132632,0,0,1,0,0,0,0,0,0,0,0,0,0,0,0,0,0,1,0,0,0,4.217483944
370,1.764635824,-2.143914695,-0.219051133,-1.241132632,0,0,1,0,0,0,0,0,0,0,0,0,0,0,0,0,0,1,0,0,0,5.996380313
371,1.764635824,-2.13445833,-0.219051133,-1.241132632,0,0,1,0,0,0,0,0,0,0,0,0,0,0,0,0,0,1,0,0,0,5.813514272
372,1.764635824,0.153982056,1.424056492,-1.241132632,0,0,1,0,0,0,0,0,0,0,0,0,0,0,0,0,0,1,0,0,0,5.454997217
373,1.764635824,0.153982056,1.424056492,-1.241132632,0,0,1,0,0,0,0,0,0,0,0,0,0,0,0,0,0,1,0,0,0,5.155336037
374,-1.38925456,-1.179365442,-1.014103209,-1.241132632,0,0,1,0,0,0,0,0,0,0,0,0,0,0,0,0,0,1,0,0,0,6.200686376
375,-1.38925456,-1.141539981,-1.014103209,-1.241132632,0,0,1,0,0,0,0,0,0,0,0,0,0,0,0,0,0,1,0,0,0,6.295655049
376,-1.38925456,-1.08480179,-1.014103209,-1.241132632,0,0,1,0,0,0,0,0,0,0,0,0,0,0,0,0,0,1,0,0,0,6.407815642
377,-1.38925456,-1.188821807,0.469994,-1.241132632,0,0,1,0,0,0,0,0,0,0,0,0,0,0,0,0,0,1,0,0,0,5.019531685
378,-1.38925456,-0.48905078,0.469994,-1.241132632,0,0,1,0,0,0,0,0,0,0,0,0,0,0,0,0,0,1,0,0,0,5.020361283
379,-1.38925456,-1.037519963,0.469994,-1.241132632,0,0,1,0,0,0,0,0,0,0,0,0,0,0,0,0,0,1,0,0,0,5.23325001
380,-1.38925456,-0.716003546,1.954091209,-1.241132632,0,0,1,0,0,0,0,0,0,0,0,0,0,0,0,0,0,1,0,0,0,5.027349608
381,-1.38925456,-1.132083616,1.954091209,-1.241132632,0,0,1,0,0,0,0,0,0,0,0,0,0,0,0,0,0,1,0,0,0,4.931966115
382,-1.38925456,-1.08480179,1.954091209,-1.241132632,0,0,1,0,0,0,0,0,0,0,0,0,0,0,0,0,0,1,0,0,0,4.485721426
383,-1.38925456,-0.838936294,-2.498200418,-1.241132632,0,0,1,0,0,0,0,0,0,0,0,0,0,0,0,0,0,1,0,0,0,5.952937668
384,-1.38925456,-0.70654718,-2.498200418,-1.241132632,0,0,1,0,0,0,0,0,0,0,0,0,0,0,0,0,0,1,0,0,0,5.752278985
385,-1.38925456,-0.697090815,-2.498200418,-1.241132632,0,0,1,0,0,0,0,0,0,0,0,0,0,0,0,0,0,1,0,0,0,5.741230411
386,-1.38925456,-0.649808989,-1.014103209,-1.241132632,0,0,1,0,0,0,0,0,0,0,0,0,0,0,0,0,0,1,0,0,0,5.144262774
387,-1.38925456,-0.668721719,-1.014103209,-1.241132632,0,0,1,0,0,0,0,0,0,0,0,0,0,0,0,0,0,1,0,0,0,5.059563418
388,-1.38925456,-0.772741737,-1.014103209,-1.241132632,0,0,1,0,0,0,0,0,0,0,0,0,0,0,0,0,0,1,0,0,0,5.2999429
389,-1.38925456,-0.441768954,0.469994,-1.241132632,0,0,1,0,0,0,0,0,0,0,0,0,0,0,0,0,0,1,0,0,0,4.618048097
390,-1.38925456,-0.763285372,0.469994,-1.241132632,0,0,1,0,0,0,0,0,0,0,0,0,0,0,0,0,0,1,0,0,0,4.705007959
391,-1.38925456,-0.649808989,0.469994,-1.241132632,0,0,1,0,0,0,0,0,0,0,0,0,0,0,0,0,0,1,0,0,0,4.768638101
392,-1.38925456,-0.507963511,-2.498200418,-1.241132632,0,0,1,0,0,0,0,0,0,0,0,0,0,0,0,0,0,1,0,0,0,5.902002891
393,-1.38925456,-0.725459911,-2.498200418,-1.241132632,0,0,1,0,0,0,0,0,0,0,0,0,0,0,0,0,0,1,0,0,0,6.084719232
394,-1.38925456,-0.70654718,-2.498200418,-1.241132632,0,0,1,0,0,0,0,0,0,0,0,0,0,0,0,0,0,1,0,0,0,6.004493338
395,-1.38925456,-0.68763445,-1.014103209,-1.241132632,0,0,1,0,0,0,0,0,0,0,0,0,0,0,0,0,0,1,0,0,0,5.526080692
396,-1.38925456,-0.583614432,-1.014103209,-1.241132632,0,0,1,0,0,0,0,0,0,0,0,0,0,0,0,0,0,1,0,0,0,4.996511672
397,-1.38925456,-0.545788972,-1.014103209,-1.241132632,0,0,1,0,0,0,0,0,0,0,0,0,0,0,0,0,0,1,0,0,0,5.294466226
398,-0.12119554,-1.481969129,0.19914626,-1.241132632,0,0,1,0,0,0,0,0,0,0,0,0,0,0,0,0,0,1,0,0,0,5.821185883
399,-0.12119554,-1.453600034,0.19914626,-1.241132632,0,0,1,0,0,0,0,0,0,0,0,0,0,0,0,0,0,1,0,0,0,5.963362766
400,-0.12119554,-1.396861842,0.19914626,-1.241132632,0,0,1,0,0,0,0,0,0,0,0,0,0,0,0,0,0,1,0,0,0,6.058653742
401,-0.12119554,-1.529250955,0.19914626,-1.241132632,0,0,1,0,0,0,0,0,0,0,0,0,0,0,0,0,0,1,0,0,0,6.084075568
402,-0.12119554,-1.529250955,0.19914626,-1.241132632,0,0,1,0,0,0,0,0,0,0,0,0,0,0,0,0,0,1,0,0,0,6.112370366
403,-0.901539552,-1.529250955,0.19914626,-1.241132632,0,0,1,0,0,0,0,0,0,0,0,0,0,0,0,0,0,1,0,0,0,6.209220023
404,-0.901539552,-0.309379841,-2.498200418,0.598079693,0,0,1,0,0,0,0,0,0,0,0,0,0,0,0,0,0,1,0,0,0,6.023828393
405,-0.901539552,-0.413399858,-1.385127511,0.598079693,0,0,1,0,0,0,0,0,0,0,0,0,0,0,0,0,0,1,0,0,0,5.339650158
406,-0.901539552,-0.70654718,-0.272054604,0.598079693,0,0,1,0,0,0,0,0,0,0,0,0,0,0,0,0,0,1,0,0,0,4.683947131
407,-0.901539552,-0.70654718,-2.498200418,0.598079693,0,0,1,0,0,0,0,0,0,0,0,0,0,0,0,0,0,1,0,0,0,5.051152522
408,-0.901539552,-0.659265354,-1.385127511,0.598079693,0,0,1,0,0,0,0,0,0,0,0,0,0,0,0,0,0,1,0,0,0,4.51851394
409,-0.901539552,-0.621439893,-2.498200418,0.598079693,0,0,1,0,0,0,0,0,0,0,0,0,0,0,0,0,0,1,0,0,0,5.128076013
410,-1.38925456,-1.028063598,-2.498200418,-1.241132632,0,0,1,0,0,0,0,0,0,0,0,0,0,0,0,0,0,1,0,0,0,5.607990859
411,-1.38925456,-1.028063598,-2.498200418,-1.241132632,0,0,1,0,0,0,0,0,0,0,0,0,0,0,0,0,0,1,0,0,0,5.861832998
412,-1.12913989,-1.028063598,-2.498200418,-1.241132632,0,0,1,0,0,0,0,0,0,0,0,0,0,0,0,0,0,1,0,0,0,5.312811826
413,-1.12913989,-1.028063598,-2.498200418,-1.241132632,0,0,1,0,0,0,0,0,0,0,0,0,0,0,0,0,0,1,0,0,0,5.09725731
414,-1.38925456,0.314740264,-2.021169172,0.598079693,0,0,1,0,0,1,0,0,0,0,0,0,0,0,0,0,0,0,0,0,0,5.694605199
415,-1.38925456,0.314740264,-1.332124039,0.598079693,0,0,1,0,0,1,0,0,0,0,0,0,0,0,0,0,0,0,0,0,0,6.980289775
416,-1.38925456,0.314740264,-0.643078907,0.598079693,0,0,1,0,0,1,0,0,0,0,0,0,0,0,0,0,0,0,0,0,0,6.004450353
417,-1.38925456,0.314740264,0.19914626,0.598079693,0,0,1,0,0,1,0,0,0,0,0,0,0,0,0,0,0,0,0,0,0,5.464191371
418,-1.38925456,0.314740264,-2.021169172,0.598079693,0,0,1,0,0,1,0,0,0,0,0,0,0,0,0,0,0,0,0,0,0,5.934498451
419,-1.38925456,0.314740264,-1.332124039,0.598079693,0,0,1,0,0,1,0,0,0,0,0,0,0,0,0,0,0,0,0,0,0,6.602059991
420,-1.38925456,0.314740264,0.19914626,0.598079693,0,0,1,0,0,1,0,0,0,0,0,0,0,0,0,0,0,0,0,0,0,6.298853076
421,-1.38925456,0.314740264,-2.021169172,0.598079693,0,0,1,0,0,1,0,0,0,0,0,0,0,0,0,0,0,0,0,0,0,6.8162413
422,0.64906903,0.14452569,0.138722302,0.598079693,0,0,1,0,0,0,0,0,0,0,0,1,0,0,0,0,0,0,0,0,0,5.34869419
423,0.64906903,0.14452569,-1.249438624,0.598079693,0,0,1,0,0,0,0,0,0,0,0,1,0,0,0,0,0,0,0,0,0,5.127752516
424,0.64906903,0.14452569,-1.249438624,0.598079693,0,0,1,0,0,0,0,0,0,0,0,1,0,0,0,0,0,0,0,0,0,5.416640507
425,0.64906903,0.14452569,-1.943784104,0.598079693,0,0,1,0,0,0,0,0,0,0,0,1,0,0,0,0,0,0,0,0,0,6.242541428
426,0.64906903,0.14452569,-0.555093144,0.598079693,0,0,1,0,0,0,0,0,0,0,0,1,0,0,0,0,0,0,0,0,0,6.449478399
427,0.64906903,0.14452569,0.175824732,-1.241132632,0,0,1,0,0,0,0,0,0,0,0,0,0,0,0,0,0,1,0,0,0,5.228913406
428,0.64906903,0.14452569,-1.870639313,-1.241132632,0,0,1,0,0,0,0,0,0,0,0,0,0,0,0,0,0,1,0,0,0,5.675778342
429,0.64614274,-0.791654467,0.19914626,0.598079693,1,0,0,1,0,0,0,0,0,0,0,0,0,0,0,0,0,0,0,0,0,9
430,0.64614274,-0.791654467,0.289252162,0.598079693,1,0,0,1,0,0,0,0,0,0,0,0,0,0,0,0,0,0,0,0,0,9
431,0.64614274,-0.791654467,0.537308409,0.598079693,1,0,0,1,0,0,0,0,0,0,0,0,0,0,0,0,0,0,0,0,0,9
432,0.64614274,-0.791654467,-0.891135154,0.598079693,1,0,0,1,0,0,0,0,0,0,0,0,0,0,0,0,0,0,0,0,0,9
433,0.64614274,-0.791654467,-0.284775438,0.598079693,1,0,0,1,0,0,0,0,0,0,0,0,0,0,0,0,0,0,0,0,0,9
434,0.64614274,-0.791654467,-2.40067403,0.598079693,1,0,0,1,0,0,0,0,0,0,0,0,0,0,0,0,0,0,0,0,0,9
435,0.64614274,-0.791654467,-2.452087398,0.598079693,1,0,0,1,0,0,0,0,0,0,0,0,0,0,0,0,0,0,0,0,0,9
436,0.64614274,-0.791654467,-0.40191311,0.598079693,1,0,0,1,0,0,0,0,0,0,0,0,0,0,0,0,0,0,0,0,0,9
437,0.64614274,-0.791654467,-0.098203217,0.598079693,1,0,0,1,0,0,0,0,0,0,0,0,0,0,0,0,0,0,0,0,0,9
438,0.64614274,-0.791654467,-0.573644359,0.598079693,1,0,0,1,0,0,0,0,0,0,0,0,0,0,0,0,0,0,0,0,0,9
439,0.64614274,-0.791654467,-0.935128036,0.598079693,1,0,0,1,0,0,0,0,0,0,0,0,0,0,0,0,0,0,0,0,0,9
440,0.64614274,-0.791654467,-0.737955121,0.598079693,1,0,0,1,0,0,0,0,0,0,0,0,0,0,0,0,0,0,0,0,0,9
441,0.64614274,-0.791654467,-1.129120743,0.598079693,1,0,0,1,0,0,0,0,0,0,0,0,0,0,0,0,0,0,0,0,0,9
442,0.64614274,-0.791654467,-1.1254105,0.598079693,1,0,0,1,0,0,0,0,0,0,0,0,0,0,0,0,0,0,0,0,0,9
443,0.64614274,-0.791654467,0.19914626,0.598079693,1,0,0,1,0,0,0,0,0,0,0,0,0,0,0,0,0,0,0,0,0,9
444,0.64614274,-0.791654467,-0.423644534,0.598079693,1,0,0,1,0,0,0,0,0,0,0,0,0,0,0,0,0,0,0,0,0,9
445,0.64614274,-0.791654467,-0.939898348,0.598079693,1,0,0,1,0,0,0,0,0,0,0,0,0,0,0,0,0,0,0,0,0,9
446,0.64614274,-0.791654467,-0.481948352,0.598079693,1,0,0,1,0,0,0,0,0,0,0,0,0,0,0,0,0,0,0,0,0,9
447,0.64614274,-0.791654467,0.19914626,0.598079693,1,0,0,1,0,0,0,0,0,0,0,0,0,0,0,0,0,0,0,0,0,9
448,0.64614274,-0.791654467,-0.708803212,0.598079693,1,0,0,1,0,0,0,0,0,0,0,0,0,0,0,0,0,0,0,0,0,9
449,0.64614274,-0.791654467,-1.684597127,0.598079693,1,0,0,1,0,0,0,0,0,0,0,0,0,0,0,0,0,0,0,0,0,9
450,0.64614274,-0.791654467,-1.395728206,0.598079693,1,0,0,1,0,0,0,0,0,0,0,0,0,0,0,0,0,0,0,0,0,9
451,0.64614274,-0.791654467,-2.152087748,0.598079693,1,0,0,1,0,0,0,0,0,0,0,0,0,0,0,0,0,0,0,0,0,9
452,0.64614274,-0.791654467,-1.79060407,0.598079693,1,0,0,1,0,0,0,0,0,0,0,0,0,0,0,0,0,0,0,0,0,9
453,0.64614274,-1.737290991,0.19914626,0.598079693,1,0,0,1,0,0,0,0,0,0,0,0,0,0,0,0,0,0,0,0,0,9
454,0.64614274,-1.737290991,-1.768342612,0.598079693,1,0,0,1,0,0,0,0,0,0,0,0,0,0,0,0,0,0,0,0,0,9
455,0.64614274,-1.737290991,0.19914626,0.598079693,1,0,0,1,0,0,0,0,0,0,0,0,0,0,0,0,0,0,0,0,0,9
456,0.64614274,-1.737290991,-0.039899398,0.598079693,1,0,0,1,0,0,0,0,0,0,0,0,0,0,0,0,0,0,0,0,0,9
457,0.64614274,-1.737290991,0.19914626,0.598079693,1,0,0,1,0,0,0,0,0,0,0,0,0,0,0,0,0,0,0,0,0,9
458,0.64614274,-1.737290991,0.004093484,0.598079693,1,0,0,1,0,0,0,0,0,0,0,0,0,0,0,0,0,0,0,0,0,9
459,0.64614274,-1.737290991,-2.42982594,0.598079693,1,0,0,1,0,0,0,0,0,0,0,0,0,0,0,0,0,0,0,0,0,9
460,0.64906903,-1.642727338,0.139252336,0.598079693,0,0,1,0,0,0,0,0,0,0,0,0,0,0,0,0,0,1,0,0,0,5.34869419
461,0.64906903,-1.642727338,-1.249438624,0.598079693,0,0,1,0,0,0,0,0,0,0,0,0,0,0,0,0,0,1,0,0,0,5.127752516
462,0.64906903,-1.346743107,-1.249438624,0.598079693,0,0,1,0,0,0,0,0,0,0,0,0,0,0,0,0,0,1,0,0,0,5.416640507
463,0.64906903,-1.346743107,-1.943784104,0.598079693,0,0,1,0,0,0,0,0,0,0,0,0,0,0,0,0,0,1,0,0,0,6.242541428
464,0.64906903,-1.642727338,0.175824732,-1.241132632,0,0,1,0,0,0,0,0,0,0,0,0,0,0,0,0,0,1,0,0,0,5.228913406
465,0.64906903,-1.642727338,-1.870639313,-1.241132632,0,0,1,0,0,0,0,0,0,0,0,0,0,0,0,0,0,1,0,0,0,5.675778342
466,0.64906903,-1.346743107,-1.889190528,0.598079693,1,0,0,0,0,0,0,0,0,0,0,0,0,0,0,0,0,1,0,0,0,9
467,0.64906903,-1.346743107,0.175824732,0.598079693,1,0,0,0,0,0,0,0,0,0,0,0,0,0,0,0,0,1,0,0,0,9
468,0.64906903,-1.642727338,1.308508923,0.598079693,1,0,0,0,0,0,0,0,0,0,0,0,0,0,0,0,0,1,0,0,0,9
469,0.64906903,-1.529250955,-0.201896202,0.598079693,0,0,1,0,0,0,0,0,0,0,0,0,0,0,0,0,0,1,0,0,0,6.255752377
470,0.64906903,-0.725459911,0.19914626,0.598079693,0,0,1,0,0,0,0,0,0,0,0,0,0,0,0,0,0,1,0,0,0,4.359171206
471,0.64906903,-0.725459911,0.19914626,0.598079693,0,0,1,0,0,0,0,0,0,0,0,0,0,0,0,0,0,1,0,0,0,4.489606966
472,0.64906903,-0.68763445,1.485252759,0.598079693,0,0,1,0,0,0,0,0,0,0,0,0,0,0,0,0,0,1,0,0,0,5.076629522
473,0.64906903,-0.68763445,-0.201896202,0.598079693,0,0,1,0,0,0,0,0,0,0,0,0,0,0,0,0,0,1,0,0,0,6.21434041
474,0.64906903,-1.056432694,0.19914626,0.598079693,0,0,1,0,0,0,0,0,0,0,0,0,0,0,0,0,0,1,0,0,0,3.951871557
475,0.64906903,-1.056432694,-1.214185578,0.598079693,0,0,1,0,0,0,0,0,0,0,0,0,0,0,0,0,0,1,0,0,0,6.69019608
476,0.64906903,-0.07297071,-1.889045163,0.598079693,0,0,1,0,0,0,0,0,0,0,0,0,0,0,0,0,0,1,0,0,0,7.180722692
477,0.64906903,-1.292841825,0.19914626,0.598079693,1,0,0,0,0,0,0,0,0,0,0,0,0,0,0,0,0,1,0,0,0,5.10505692
478,0.64906903,-1.245559999,-0.201896202,0.598079693,1,0,0,0,0,0,0,0,0,0,0,0,0,0,0,0,0,1,0,0,0,7.266649204
479,0.64906903,-1.349580016,0.19914626,0.598079693,1,0,0,0,0,0,0,0,0,0,0,0,0,0,0,0,0,1,0,0,0,6.184176501
480,0.64906903,-1.056432694,0.19914626,0.598079693,1,0,0,0,0,0,0,0,0,0,0,0,0,0,0,0,0,1,0,0,0,5.445762949
481,0.64906903,-0.971325407,1.485252759,0.598079693,1,0,0,0,0,0,0,0,0,0,0,0,0,0,0,0,0,1,0,0,0,6.593295262
482,0.64906903,-0.044601614,0.19914626,0.598079693,1,0,0,0,0,0,0,0,0,0,0,0,0,0,0,0,0,1,0,0,0,4.672319569
483,0.64906903,0.14452569,0.35868671,0.598079693,1,0,0,0,0,0,0,0,0,0,0,0,0,0,0,0,0,1,0,0,0,5.243038049
484,0.64906903,0.14452569,0.35868671,0.598079693,1,0,0,0,0,0,0,0,0,0,0,0,0,0,0,0,0,1,0,0,0,5.240549248
485,0.64906903,0.14452569,0.35868671,0.598079693,1,0,0,0,0,0,0,0,0,0,0,0,0,0,0,0,0,1,0,0,0,4.707570176
486,0.64906903,0.14452569,0.35868671,0.598079693,1,0,0,0,0,0,0,0,0,0,0,0,0,0,0,0,0,1,0,0,0,4.959041392
487,0.64906903,0.14452569,-1.103149041,0.598079693,1,0,0,0,0,0,0,0,0,0,0,0,0,0,0,0,0,1,0,0,0,5.414973348
488,0.64906903,0.14452569,-1.103149041,0.598079693,1,0,0,0,0,0,0,0,0,0,0,0,0,0,0,0,0,1,0,0,0,5.873320602
489,0.64906903,0.14452569,-1.103149041,0.598079693,1,0,0,0,0,0,0,0,0,0,0,0,0,0,0,0,0,1,0,0,0,5.832508913
490,0.64906903,0.14452569,1.08907455,0.598079693,0,0,1,0,0,0,0,0,0,0,0,0,0,0,0,0,0,1,0,0,0,5.512627038
491,0.64906903,0.14452569,1.08907455,0.598079693,0,0,1,0,0,0,0,0,0,0,0,0,0,0,0,0,0,1,0,0,0,4.90496426
492,0.64906903,0.14452569,1.08907455,0.598079693,0,0,1,0,0,0,0,0,0,0,0,0,0,0,0,0,0,1,0,0,0,5.38938052
493,0.64906903,0.14452569,1.08907455,0.598079693,0,0,1,0,0,0,0,0,0,0,0,0,0,0,0,0,0,1,0,0,0,4.961885991
494,0.64906903,0.14452569,-0.372231166,0.598079693,0,0,1,0,0,0,0,0,0,0,0,0,0,0,0,0,0,1,0,0,0,6.200444183
495,0.64906903,0.14452569,-0.372231166,0.598079693,0,0,1,0,0,0,0,0,0,0,0,0,0,0,0,0,0,1,0,0,0,6.423940681
496,0.64906903,0.14452569,-0.372231166,0.598079693,0,0,1,0,0,0,0,0,0,0,0,0,0,0,0,0,0,1,0,0,0,5.994193051
497,0.64906903,0.14452569,-0.372231166,0.598079693,0,0,1,0,0,0,0,0,0,0,0,0,0,0,0,0,0,1,0,0,0,5.371669913
498,0.64906903,0.14452569,0.19914626,0.598079693,0,0,1,0,0,0,0,0,0,0,0,0,0,0,0,0,0,1,0,0,0,4.583142074
499,0.64906903,0.14452569,0.19914626,0.598079693,0,0,1,0,0,0,0,0,0,0,0,0,0,0,0,0,0,1,0,0,0,4.752102251
500,0.64906903,0.14452569,0.19914626,0.598079693,0,0,1,0,0,0,0,0,0,0,0,0,0,0,0,0,0,1,0,0,0,4.557435014
501,0.64906903,0.14452569,0.19914626,0.598079693,0,0,1,0,0,0,0,0,0,0,0,0,0,0,0,0,0,1,0,0,0,4.580936374
502,0.138919131,-0.101339806,0.515046951,-3.080344957,0,0,1,0,0,0,0,0,0,0,0,0,0,0,0,0,0,1,0,0,0,5.579783597
503,0.138919131,0.045233855,-0.679651302,-3.080344957,0,0,1,0,0,0,0,0,0,0,0,0,0,0,0,0,0,1,0,0,0,6.31386722
504,0.138919131,0.007408394,0.418050598,-3.080344957,0,0,1,0,0,0,0,0,0,0,0,0,0,0,0,0,0,1,0,0,0,5.835690571
505,0.138919131,0.546421213,-0.380711721,-3.080344957,0,0,1,0,0,0,0,0,0,0,0,0,0,0,0,0,0,1,0,0,0,6.230448921
506,0.138919131,0.896306726,-0.634598351,-3.080344957,0,0,1,0,0,0,0,0,0,0,0,0,0,0,0,0,0,1,0,0,0,6.315970345
507,0.138919131,-0.195903458,-0.231241931,-3.080344957,0,0,1,0,0,0,0,0,0,0,0,0,0,0,0,0,0,1,0,0,0,5.541579244
508,0.138919131,-0.191175275,-0.970640362,-3.080344957,0,0,1,0,0,0,0,0,0,0,0,0,0,0,0,0,0,1,0,0,0,6.342422681
509,-0.901539552,0.14452569,1.323349896,-1.241132632,0,0,1,0,0,0,0,0,0,0,0,0,0,0,0,0,0,1,0,0,0,3.505149978
510,-0.901539552,0.14452569,1.221053195,-1.241132632,0,0,1,0,0,0,0,0,0,0,0,0,0,0,0,0,0,1,0,0,0,3
511,-0.901539552,0.14452569,-0.821700606,-1.241132632,0,0,1,0,0,0,0,0,0,0,0,0,0,0,0,0,0,1,0,0,0,4.361727836
512,-0.901539552,0.14452569,-0.821700606,-1.241132632,0,0,1,0,0,0,0,0,0,0,0,0,0,0,0,0,0,1,0,0,0,4.322219295
513,-0.901539552,0.14452569,-1.841487403,-1.241132632,0,0,1,0,0,0,0,0,0,0,0,0,0,0,0,0,0,1,0,0,0,4.832508913
514,-0.901539552,0.14452569,-1.841487403,-1.241132632,0,0,1,0,0,0,0,0,0,0,0,0,0,0,0,0,0,1,0,0,0,4.892094603
515,-0.901539552,0.14452569,0.19914626,-1.241132632,0,0,1,0,0,0,0,0,0,0,0,0,0,0,0,0,0,1,0,0,0,5.424881637
516,-0.901539552,0.14452569,0.19914626,-1.241132632,0,0,1,0,0,0,0,0,0,0,0,0,0,0,0,0,0,1,0,0,0,4.681241237
517,0.64906903,1.383309536,-2.710214305,0.598079693,0,0,1,0,0,0,0,0,0,0,0,0,0,0,0,0,0,1,0,0,0,6.555095779
518,0.64906903,0.832003443,-2.710214305,0.598079693,0,0,1,0,0,0,0,0,0,0,0,0,0,0,0,0,0,1,0,0,0,6.644931003
519,0.64906903,0.859426902,-2.710214305,0.598079693,0,0,1,0,0,0,0,0,0,0,0,0,0,0,0,0,0,1,0,0,0,6.54641939
520,-0.901539552,-1.094258155,1.222643299,-1.854203407,0,0,1,0,0,0,0,0,0,0,0,0,0,0,0,0,0,1,0,0,0,3
521,-0.901539552,-1.264472729,1.222643299,-1.854203407,0,0,1,0,0,0,0,0,0,0,0,0,0,0,0,0,0,1,0,0,0,3.505149978
522,-0.901539552,-0.649808989,-0.820640537,-1.854203407,0,0,1,0,0,0,0,0,0,0,0,0,0,0,0,0,0,1,0,0,0,4.361727836
523,-0.901539552,-0.744372641,-0.820640537,-1.854203407,0,0,1,0,0,0,0,0,0,0,0,0,0,0,0,0,0,1,0,0,0,4.322219295
524,-0.901539552,-1.737290991,-1.842017438,-1.854203407,0,0,1,0,0,0,0,0,0,0,0,0,0,0,0,0,0,1,0,0,0,4.832508913
525,-0.901539552,-1.661640069,-1.842017438,-1.854203407,0,0,1,0,0,0,0,0,0,0,0,0,0,0,0,0,0,1,0,0,0,4.892094603
526,-0.901539552,-1.264472729,0.19914626,-1.854203407,0,0,1,0,0,0,0,0,0,0,0,0,0,0,0,0,0,1,0,0,0,5.424881637
527,-0.901539552,-1.094258155,0.19914626,-1.854203407,0,0,1,0,0,0,0,0,0,0,0,0,0,0,0,0,0,1,0,0,0,4.681241237
528,0.789205809,1.099618579,0.19914626,-0.628061857,0,0,1,0,0,0,0,0,0,0,0,0,0,0,1,0,0,0,0,0,0,6.653212514
529,0.789205809,1.099618579,0.19914626,-0.628061857,0,0,1,0,0,0,0,0,0,0,0,0,0,0,1,0,0,0,0,0,0,4.781855861
530,0.789205809,1.099618579,0.19914626,-0.628061857,0,0,1,0,0,0,0,0,0,0,0,0,0,0,1,0,0,0,0,0,0,6.088938349
531,0.789205809,1.099618579,0.19914626,0.598079693,0,0,1,0,0,0,0,0,0,0,0,0,0,0,1,0,0,0,0,0,0,6.653212514
532,0.789205809,1.099618579,0.19914626,0.598079693,0,0,1,0,0,0,0,0,0,0,0,0,0,0,1,0,0,0,0,0,0,6.329496932
533,0.789205809,1.099618579,0.19914626,0.598079693,0,0,1,0,0,0,0,0,0,0,0,0,0,0,1,0,0,0,0,0,0,5.795554696
534,0.789205809,1.099618579,0.19914626,0.598079693,0,0,1,0,0,0,0,0,0,0,0,0,0,0,1,0,0,0,0,0,0,3.653405491
535,0.789205809,1.099618579,0.19914626,0.598079693,0,0,1,0,0,0,0,0,0,0,0,0,0,0,1,0,0,0,0,0,0,6.486750308
536,0.789205809,1.099618579,0.19914626,0.598079693,0,0,1,0,0,0,0,0,0,0,0,0,0,0,1,0,0,0,0,0,0,3.322426052
537,0.789205809,1.099618579,0.19914626,-0.628061857,0,0,1,0,0,0,0,0,0,0,0,0,0,0,1,0,0,0,0,0,0,5.660037824
538,0.789205809,1.099618579,0.19914626,-0.628061857,0,0,1,0,0,0,0,0,0,0,0,0,0,0,1,0,0,0,0,0,0,3.99943505
539,0.789205809,1.099618579,0.19914626,-0.628061857,0,0,1,0,0,0,0,0,0,0,0,0,0,0,1,0,0,0,0,0,0,6.653212514
540,0.789205809,1.099618579,0.19914626,0.653256063,0,0,1,0,0,0,0,0,0,0,0,0,0,0,1,0,0,0,0,0,0,6.653212514
541,0.789205809,1.099618579,0.19914626,0.653256063,0,0,1,0,0,0,0,0,0,0,0,0,0,0,1,0,0,0,0,0,0,5.824704291
542,0.789205809,1.099618579,0.19914626,0.653256063,0,0,1,0,0,0,0,0,0,0,0,0,0,0,1,0,0,0,0,0,0,5.668896332
543,0.789205809,-0.791654467,0.19914626,-0.628061857,0,0,1,0,0,0,0,0,0,0,0,0,0,0,1,0,0,0,0,0,0,6.544068044
544,0.789205809,-0.791654467,0.19914626,-0.628061857,0,0,1,0,0,0,0,0,0,0,0,0,0,0,1,0,0,0,0,0,0,3.933132824
545,0.789205809,-0.791654467,0.19914626,-0.628061857,0,0,1,0,0,0,0,0,0,0,0,0,0,0,1,0,0,0,0,0,0,3.135132651
546,0.64906903,-0.829479928,0.19914626,0.598079693,0,0,1,0,0,0,0,0,0,0,0,0,0,0,0,0,0,0,0,0,1,5.812913357
547,0.64906903,-0.829479928,0.19914626,0.598079693,0,0,1,0,0,0,0,0,0,0,0,0,0,0,0,0,0,0,0,0,1,5.812913357
548,0.64906903,-0.829479928,0.19914626,0.598079693,0,0,1,0,0,0,0,0,0,0,0,0,0,0,0,0,0,0,0,0,1,6.113943352
549,-0.023652538,-1.037519963,0.19914626,-1.241132632,0,0,1,0,0,0,0,0,0,0,0,0,0,0,0,0,0,1,0,0,0,5.153558784
550,-0.023652538,0.135069325,0.19914626,-1.241132632,0,0,1,0,0,0,0,0,0,0,0,0,0,0,0,0,0,1,0,0,0,4.721794133
551,-0.023652538,0.135069325,0.19914626,-1.241132632,0,0,1,0,0,0,0,0,0,0,0,0,0,0,0,0,0,1,0,0,0,5.344543563
552,-0.023652538,0.135069325,0.19914626,-1.241132632,0,0,1,0,0,0,0,0,0,0,0,0,0,0,0,0,0,1,0,0,0,5.799352958
553,-0.023652538,1.014511292,1.524763088,-1.241132632,0,0,1,0,0,0,0,0,0,0,0,0,0,0,0,0,0,1,0,0,0,5.173675667
554,-0.023652538,-0.564701702,-1.003502515,0.598079693,0,0,1,0,0,0,0,0,0,0,0,0,0,0,0,0,0,1,0,0,0,6.493025633
555,-0.023652538,-0.602527163,-1.003502515,0.598079693,0,0,1,0,0,0,0,0,0,0,0,0,0,0,0,0,0,1,0,0,0,7
556,-0.023652538,-0.564701702,-0.070641412,0.598079693,0,0,1,0,0,0,0,0,0,0,0,0,0,0,0,0,0,1,0,0,0,9
557,-0.023652538,-0.602527163,-0.070641412,0.598079693,0,0,1,0,0,0,0,0,0,0,0,0,0,0,0,0,0,1,0,0,0,5.882068944
558,-0.023652538,-0.564701702,0.809216219,0.598079693,0,0,1,0,0,0,0,0,0,0,0,0,0,0,0,0,0,1,0,0,0,5.425208051
559,-0.023652538,-0.602527163,0.809216219,0.598079693,0,0,1,0,0,0,0,0,0,0,0,0,0,0,0,0,0,1,0,0,0,5.583878598
560,-0.023652538,-0.564701702,0.19914626,0.598079693,0,0,1,0,0,0,0,0,0,0,0,0,0,0,0,0,0,1,0,0,0,4.928395852
561,-0.023652538,-0.602527163,0.19914626,0.598079693,0,0,1,0,0,0,0,0,0,0,0,0,0,0,0,0,0,1,0,0,0,5.19368103
562,-0.023652538,2.849046146,-0.67488099,0.598079693,0,0,1,0,0,0,0,0,0,0,0,0,0,0,0,0,0,1,0,0,0,6.440827408
563,-0.023652538,0.14452569,0.01946449,0.598079693,0,0,1,0,0,0,0,0,0,0,0,0,0,0,0,0,0,1,0,0,0,5.964046911
564,-0.023652538,0.14452569,0.719110317,0.598079693,0,0,1,0,0,0,0,0,0,0,0,0,0,0,0,0,0,1,0,0,0,6.270382064
565,-0.023652538,0.14452569,1.068933231,0.598079693,0,0,1,0,0,0,0,0,0,0,0,0,0,0,0,0,0,1,0,0,0,5.879442832
566,-0.023652538,0.14452569,1.413455797,0.598079693,0,0,1,0,0,0,0,0,0,0,0,0,0,0,0,0,0,1,0,0,0,5.221594178
567,-0.023652538,0.14452569,1.763278711,0.598079693,0,0,1,0,0,0,0,0,0,0,0,0,0,0,0,0,0,1,0,0,0,5.713865034
568,-0.023652538,0.14452569,0.19914626,0.598079693,0,0,1,0,0,0,0,0,0,0,0,0,0,0,0,0,0,1,0,0,0,4.897627091
569,0.64906903,2.403651344,0.19914626,0.598079693,0,0,1,0,0,0,0,0,0,0,0,0,0,0,0,0,0,1,0,0,0,4
570,0.64906903,2.3610977,0.19914626,0.598079693,0,0,1,0,0,0,0,0,0,0,0,0,0,0,0,0,0,1,0,0,0,4.204119983
571,0.64906903,2.403651344,0.19914626,0.598079693,0,0,1,0,0,0,0,0,0,0,0,0,0,0,0,0,0,1,0,0,0,3
572,0.64906903,2.403651344,0.19914626,0.598079693,0,0,1,0,0,0,0,0,0,0,0,0,0,0,0,0,0,1,0,0,0,3
573,0.64906903,2.403651344,0.19914626,0.598079693,0,0,1,0,0,0,0,0,0,0,0,0,0,0,0,0,0,1,0,0,0,3
574,0.64906903,2.403651344,0.19914626,0.598079693,0,0,1,0,0,0,0,0,0,0,0,0,0,0,0,0,0,1,0,0,0,3
575,0.64906903,2.403651344,0.19914626,0.598079693,0,0,1,0,0,0,0,0,0,0,0,0,0,0,0,0,0,1,0,0,0,3
576,0.64906903,1.728466866,0.19914626,0.598079693,0,0,1,0,0,0,0,0,0,0,0,0,0,0,0,0,0,1,0,0,0,3
577,0.64906903,1.728466866,0.19914626,0.598079693,0,0,1,0,0,0,0,0,0,0,0,0,0,0,0,0,0,1,0,0,0,3
578,0.64906903,1.728466866,0.19914626,0.598079693,0,0,1,0,0,0,0,0,0,0,0,0,0,0,0,0,0,1,0,0,0,3
579,0.64906903,1.728466866,0.19914626,0.598079693,0,0,1,0,0,0,0,0,0,0,0,0,0,0,0,0,0,1,0,0,0,3
580,-0.381310211,0.059418403,0.19914626,-1.241132632,0,1,0,0,0,0,0,0,0,0,0,0,0,0,0,0,0,1,0,0,0,7.583629453
581,-0.381310211,0.059418403,0.19914626,-1.241132632,0,1,0,0,0,0,0,0,0,0,0,0,0,0,0,0,0,1,0,0,0,7.264817823
582,-0.381310211,0.059418403,0.19914626,-1.241132632,0,1,0,0,0,0,0,0,0,0,0,0,0,0,0,0,0,1,0,0,0,7.120573931
583,-0.381310211,0.059418403,0.19914626,-1.241132632,0,1,0,0,0,0,0,0,0,0,0,0,0,0,0,0,0,1,0,0,0,6.722140125
584,-0.381310211,0.059418403,0.19914626,-1.241132632,0,1,0,0,0,0,0,0,0,0,0,0,0,0,0,0,0,1,0,0,0,6.482873584
585,-0.381310211,0.059418403,0.19914626,-1.241132632,0,1,0,0,0,0,0,0,0,0,0,0,0,0,0,0,0,1,0,0,0,6.509202522
586,-0.381310211,0.059418403,0.19914626,-1.241132632,0,1,0,0,0,0,0,0,0,0,0,0,0,0,0,0,0,1,0,0,0,6.158362492
587,-0.381310211,0.059418403,0.19914626,-1.241132632,0,1,0,0,0,0,0,0,0,0,0,0,0,0,0,0,0,1,0,0,0,5.635483747
588,0.64906903,-0.299923476,0.19914626,-1.241132632,0,0,1,0,0,0,0,0,0,0,0,0,0,0,0,0,0,1,0,0,0,6.114944416
589,0.64906903,-0.299923476,0.19914626,-1.241132632,0,0,1,0,0,0,0,0,0,0,0,0,0,0,0,0,0,1,0,0,0,5.915927212
590,0.64906903,-0.48905078,0.19914626,-1.241132632,0,0,1,0,0,0,0,0,0,0,0,0,0,0,0,0,0,1,0,0,0,5.926856709
591,0.64906903,-0.48905078,0.19914626,-1.241132632,0,0,1,0,0,0,0,0,0,0,0,0,0,0,0,0,0,1,0,0,0,5.814247596
592,0.64906903,-0.526876241,0.19914626,-1.241132632,0,0,1,0,0,0,0,0,0,0,0,0,0,0,0,0,0,1,0,0,0,5.814247596
593,0.64906903,-0.526876241,0.19914626,-1.241132632,0,0,1,0,0,0,0,0,0,0,0,0,0,0,0,0,0,1,0,0,0,4.722633923
594,0.64906903,-0.763285372,0.19914626,-1.241132632,0,0,1,0,0,0,0,0,0,0,0,0,0,0,0,0,0,1,0,0,0,4.722633923
595,0.64906903,-0.763285372,0.19914626,-1.241132632,0,0,1,0,0,0,0,0,0,0,0,0,0,0,0,0,0,1,0,0,0,4.767897616
596,0.64906903,-1.472512764,0.19914626,-1.241132632,0,0,1,0,0,0,0,0,0,0,0,0,0,0,0,0,0,1,0,0,0,4.831869774
597,0.64906903,-1.472512764,0.19914626,-1.241132632,0,0,1,0,0,0,0,0,0,0,0,0,0,0,0,0,0,1,0,0,0,6.501059262
598,-1.096625556,-0.791654467,0.19914626,0.653256063,0,0,1,0,0,0,0,0,0,0,0,0,1,0,0,0,0,0,0,0,0,4.875061263
599,-1.096625556,-0.791654467,0.19914626,0.653256063,0,0,1,0,0,0,0,0,0,0,0,0,1,0,0,0,0,0,0,0,0,5
600,-1.096625556,-0.791654467,0.19914626,0.653256063,0,0,1,0,0,0,0,0,0,0,0,0,1,0,0,0,0,0,0,0,0,5.096910013
601,-1.096625556,-0.791654467,0.19914626,0.653256063,0,0,1,0,0,0,0,0,0,0,0,0,1,0,0,0,0,0,0,0,0,4.875061263
602,-1.096625556,-0.791654467,0.19914626,0.653256063,0,0,1,0,0,0,0,0,0,0,0,0,1,0,0,0,0,0,0,0,0,5
603,-1.096625556,-0.791654467,0.19914626,0.653256063,0,0,1,0,0,0,0,0,0,0,0,0,1,0,0,0,0,0,0,0,0,5.096910013
604,-1.096625556,-0.791654467,0.19914626,0.653256063,0,0,1,0,0,0,0,0,0,0,0,0,1,0,0,0,0,0,0,0,0,4.875061263
605,-1.096625556,-0.791654467,0.19914626,0.653256063,0,0,1,0,0,0,0,0,0,0,0,0,1,0,0,0,0,0,0,0,0,5
606,-1.096625556,-0.791654467,0.19914626,0.653256063,0,0,1,0,0,0,0,0,0,0,0,0,1,0,0,0,0,0,0,0,0,5.096910013
607,-1.096625556,-0.791654467,0.19914626,0.653256063,0,0,1,0,0,0,0,0,0,0,0,0,1,0,0,0,0,0,0,0,0,6
608,-1.096625556,-0.791654467,0.19914626,0.653256063,0,0,1,0,0,0,0,0,0,0,0,0,1,0,0,0,0,0,0,0,0,6.301029996
609,0.64906903,0.910491274,0.19914626,0.598079693,0,0,1,0,0,0,0,0,0,0,0,0,0,0,0,0,0,1,0,0,0,6.792391689
610,0.64906903,0.910491274,0.19914626,0.598079693,0,0,1,0,0,0,0,0,0,0,0,0,0,0,0,0,0,1,0,0,0,6.297541668
611,0.64906903,0.910491274,0.19914626,0.598079693,0,0,1,0,0,0,0,0,0,0,0,0,0,0,0,0,0,1,0,0,0,6.746634199
612,0.64906903,0.532236665,0.19914626,0.598079693,0,0,1,0,0,0,0,0,0,0,0,0,0,0,0,0,0,1,0,0,0,6.079181246
613,0.64906903,0.532236665,0.19914626,0.598079693,0,0,1,0,0,0,0,0,0,0,0,0,0,0,0,0,0,1,0,0,0,5.584331224
614,0.64906903,0.532236665,0.19914626,0.598079693,0,0,1,0,0,0,0,0,0,0,0,0,0,0,0,0,0,1,0,0,0,5.924279286
615,0.64906903,1.57243684,0.19914626,0.598079693,0,0,1,0,0,0,0,0,0,0,0,0,0,0,0,0,0,1,0,0,0,6.707570176
616,0.64906903,1.57243684,0.19914626,0.598079693,0,0,1,0,0,0,0,0,0,0,0,0,0,0,0,0,0,1,0,0,0,6.087781418
617,0.64906903,1.57243684,0.19914626,0.598079693,0,0,1,0,0,0,0,0,0,0,0,0,0,0,0,0,0,1,0,0,0,6.546419267
618,0.64906903,0.437673012,0.19914626,0.598079693,0,0,1,0,0,0,0,0,0,0,0,0,0,0,0,0,0,1,0,0,0,6.544068044
619,0.64906903,0.437673012,0.19914626,0.598079693,0,0,1,0,0,0,0,0,0,0,0,0,0,0,0,0,0,1,0,0,0,6.006466042
620,0.64906903,0.437673012,0.19914626,0.598079693,0,0,1,0,0,0,0,0,0,0,0,0,0,0,0,0,0,1,0,0,0,6.401400541
621,0.64906903,0.437673012,0.19914626,0.598079693,0,0,1,0,0,0,0,0,0,0,0,0,0,0,0,0,0,1,0,0,0,6.806179974
622,0.64906903,0.437673012,0.19914626,0.598079693,0,0,1,0,0,0,0,0,0,0,0,0,0,0,0,0,0,1,0,0,0,6.577031986
623,0.64906903,0.437673012,0.19914626,0.598079693,0,0,1,0,0,0,0,0,0,0,0,0,0,0,0,0,0,1,0,0,0,6.669502834
624,0.64906903,0.437673012,0.19914626,0.598079693,0,0,1,0,0,0,0,0,0,0,0,0,0,0,0,0,0,1,0,0,0,5.309630167
625,0.64906903,0.437673012,0.19914626,0.598079693,0,0,1,0,0,0,0,0,0,0,0,0,0,0,0,0,0,1,0,0,0,5.898725182
626,0.64906903,0.437673012,0.19914626,0.598079693,0,0,1,0,0,0,0,0,0,0,0,0,0,0,0,0,0,1,0,0,0,5.29666519
627,0.64906903,0.437673012,0.19914626,0.598079693,0,0,1,0,0,0,0,0,0,0,0,0,0,0,0,0,0,1,0,0,0,6.158362492
628,0.64906903,0.437673012,0.19914626,0.598079693,0,0,1,0,0,0,0,0,0,0,0,0,0,0,0,0,0,1,0,0,0,6.040997692
629,0.64906903,0.437673012,0.19914626,0.598079693,0,0,1,0,0,0,0,0,0,0,0,0,0,0,0,0,0,1,0,0,0,5.674861141
630,0.64906903,0.437673012,0.19914626,0.598079693,0,0,1,0,0,0,0,0,0,0,0,0,0,0,0,0,0,1,0,0,0,6.135132651
631,0.64906903,0.437673012,0.19914626,0.598079693,0,0,1,0,0,0,0,0,0,0,0,0,0,0,0,0,0,1,0,0,0,5.713490543
632,0.64906903,0.437673012,0.19914626,0.598079693,0,0,1,0,0,0,0,0,0,0,0,0,0,0,0,0,0,1,0,0,0,5.8876173
633,0.64906903,0.437673012,0.19914626,0.598079693,0,0,1,0,0,0,0,0,0,0,0,0,0,0,0,0,0,1,0,0,0,5.7355989
634,0.64906903,0.437673012,0.19914626,0.598079693,0,0,1,0,0,0,0,0,0,0,0,0,0,0,0,0,0,1,0,0,0,5.866287339
635,0.64906903,0.437673012,0.19914626,0.598079693,0,0,1,0,0,0,0,0,0,0,0,0,0,0,0,0,0,1,0,0,0,5.733999287
636,0.64906903,0.437673012,0.19914626,0.598079693,0,0,1,0,0,0,0,0,0,0,0,0,0,0,0,0,0,1,0,0,0,6.530967682
637,0.64906903,0.437673012,0.19914626,0.598079693,0,0,1,0,0,0,0,0,0,0,0,0,0,0,0,0,0,1,0,0,0,5.729974286
638,0.64906903,0.437673012,0.19914626,0.598079693,0,0,1,0,0,0,0,0,0,0,0,0,0,0,0,0,0,1,0,0,0,6.764997599
639,0.64906903,0.437673012,0.19914626,0.598079693,0,0,1,0,0,0,0,0,0,0,0,0,0,0,0,0,0,1,0,0,0,6.087426457
640,0.64906903,0.437673012,0.19914626,0.598079693,0,0,1,0,0,0,0,0,0,0,0,0,0,0,0,0,0,1,0,0,0,5.881384657
641,0.64906903,0.437673012,0.19914626,0.598079693,0,0,1,0,0,0,0,0,0,0,0,0,0,0,0,0,0,1,0,0,0,6.112269768
642,0.64906903,0.437673012,0.19914626,0.598079693,0,0,1,0,0,0,0,0,0,0,0,0,0,0,0,0,0,1,0,0,0,6.241546481
643,0.64906903,0.437673012,0.19914626,0.598079693,0,0,1,0,0,0,0,0,0,0,0,0,0,0,0,0,0,1,0,0,0,6.106190897
644,0.64906903,0.437673012,0.19914626,0.598079693,0,0,1,0,0,0,0,0,0,0,0,0,0,0,0,0,0,1,0,0,0,6.505963518
645,0.64906903,0.721363969,0.19914626,0.598079693,0,0,1,0,0,0,0,0,0,0,0,0,0,0,0,0,0,1,0,0,0,5.878521796
646,0.64906903,0.721363969,0.19914626,0.598079693,0,0,1,0,0,0,0,0,0,0,0,0,0,0,0,0,0,1,0,0,0,5.88536122
647,0.64906903,0.721363969,0.19914626,0.598079693,0,0,1,0,0,0,0,0,0,0,0,0,0,0,0,0,0,1,0,0,0,5.886490725
648,0.64906903,0.721363969,0.19914626,0.598079693,0,0,1,0,0,0,0,0,0,0,0,0,0,0,0,0,0,1,0,0,0,5.938519725
649,0.64906903,0.721363969,0.19914626,0.598079693,0,0,1,0,0,0,0,0,0,0,0,0,0,0,0,0,0,1,0,0,0,5.883661435
650,0.64906903,0.721363969,0.19914626,0.598079693,0,0,1,0,0,0,0,0,0,0,0,0,0,0,0,0,0,1,0,0,0,5.905256049
651,0.64906903,0.721363969,0.19914626,0.598079693,0,0,1,0,0,0,0,0,0,0,0,0,0,0,0,0,0,1,0,0,0,5.894869657
652,0.64906903,0.721363969,0.19914626,0.598079693,0,0,1,0,0,0,0,0,0,0,0,0,0,0,0,0,0,1,0,0,0,5.51054501
653,0.64906903,0.721363969,0.19914626,0.598079693,0,0,1,0,0,0,0,0,0,0,0,0,0,0,0,0,0,1,0,0,0,5.877371346
654,0.64906903,0.721363969,0.19914626,0.598079693,0,0,1,0,0,0,0,0,0,0,0,0,0,0,0,0,0,1,0,0,0,5.880241776
655,0.64906903,0.721363969,0.19914626,0.598079693,0,0,1,0,0,0,0,0,0,0,0,0,0,0,0,0,0,1,0,0,0,5.875061263
656,0.64906903,0.721363969,0.19914626,0.598079693,0,0,1,0,0,0,0,0,0,0,0,0,0,0,0,0,0,1,0,0,0,5.652246341
657,0.64906903,0.721363969,0.19914626,0.598079693,0,0,1,0,0,0,0,0,0,0,0,0,0,0,0,0,0,1,0,0,0,5.740362689
658,0.64906903,0.721363969,0.19914626,0.598079693,0,0,1,0,0,0,0,0,0,0,0,0,0,0,0,0,0,1,0,0,0,5.882524538
659,0.64906903,0.721363969,0.19914626,0.598079693,0,0,1,0,0,0,0,0,0,0,0,0,0,0,0,0,0,1,0,0,0,5.877371346
660,0.64906903,0.721363969,0.19914626,0.598079693,0,0,1,0,0,0,0,0,0,0,0,0,0,0,0,0,0,1,0,0,0,5.765668555
661,0.64906903,0.721363969,0.19914626,0.598079693,0,0,1,0,0,0,0,0,0,0,0,0,0,0,0,0,0,1,0,0,0,5.740362689
662,0.64906903,0.721363969,0.19914626,0.598079693,0,0,1,0,0,0,0,0,0,0,0,0,0,0,0,0,0,1,0,0,0,5.879669206
663,0.64906903,0.721363969,0.19914626,0.598079693,0,0,1,0,0,0,0,0,0,0,0,0,0,0,0,0,0,1,0,0,0,5.875061263
664,0.64906903,0.721363969,0.19914626,0.598079693,0,0,1,0,0,0,0,0,0,0,0,0,0,0,0,0,0,1,0,0,0,5.878521796
665,0.64906903,0.721363969,0.19914626,0.598079693,0,0,1,0,0,0,0,0,0,0,0,0,0,0,0,0,0,1,0,0,0,5.73239376
666,0.64906903,0.721363969,0.19914626,0.598079693,0,0,1,0,0,0,0,0,0,0,0,0,0,0,0,0,0,1,0,0,0,5.876794976
667,0.64906903,0.721363969,0.19914626,0.598079693,0,0,1,0,0,0,0,0,0,0,0,0,0,0,0,0,0,1,0,0,0,5.876794976
668,0.64906903,0.721363969,0.19914626,0.598079693,0,0,1,0,0,0,0,0,0,0,0,0,0,0,0,0,0,1,0,0,0,6.082066934
669,-0.901539552,-0.791654467,0.19914626,0.598079693,0,0,1,0,0,0,0,0,0,0,0,0,0,0,0,0,0,1,0,0,0,6.69019608
670,-0.901539552,-0.791654467,0.19914626,0.598079693,0,0,1,0,0,0,0,0,0,0,0,0,0,0,0,0,0,1,0,0,0,5.602059991
671,-0.901539552,-0.791654467,0.19914626,0.598079693,0,0,1,0,0,0,0,0,0,0,0,0,0,0,0,0,0,1,0,0,0,6
672,-0.901539552,-0.791654467,0.19914626,0.598079693,0,0,1,0,0,0,0,0,0,0,0,0,0,0,0,0,0,1,0,0,0,6.079181246
673,-0.901539552,-0.791654467,0.19914626,0.598079693,0,0,1,0,0,0,0,0,0,0,0,0,0,0,0,0,0,1,0,0,0,6.301029996
674,-0.381310211,-0.555245337,0.19914626,-1.241132632,0,1,0,0,0,0,0,0,0,0,0,0,0,0,0,0,0,1,0,0,0,4
675,-0.381310211,-0.555245337,0.19914626,-1.241132632,0,1,0,0,0,0,0,0,0,0,0,0,0,0,0,0,0,1,0,0,0,4.041392685
676,-0.381310211,-0.555245337,0.19914626,-1.241132632,0,1,0,0,0,0,0,0,0,0,0,0,0,0,0,0,0,1,0,0,0,4.447158031
677,-0.381310211,-0.555245337,0.19914626,-1.241132632,0,1,0,0,0,0,0,0,0,0,0,0,0,0,0,0,0,1,0,0,0,4.73239376
678,-0.381310211,-0.555245337,0.19914626,-1.241132632,0,1,0,0,0,0,0,0,0,0,0,0,0,0,0,0,0,1,0,0,0,5.51851394
679,-0.381310211,-0.555245337,0.19914626,-1.241132632,0,1,0,0,0,0,0,0,0,0,0,0,0,0,0,0,0,1,0,0,0,5.812913357
680,-0.381310211,-0.555245337,0.19914626,-1.241132632,0,1,0,0,0,0,0,0,0,0,0,0,0,0,0,0,0,1,0,0,0,5.146128036
681,-0.381310211,-0.555245337,0.19914626,-1.241132632,0,1,0,0,0,0,0,0,0,0,0,0,0,0,0,0,0,1,0,0,0,4.397940009
682,-0.381310211,-0.555245337,0.19914626,-1.241132632,0,1,0,0,0,0,0,0,0,0,0,0,0,0,0,0,0,1,0,0,0,5.698970004
683,-0.381310211,-0.555245337,0.19914626,-1.241132632,0,1,0,0,0,0,0,0,0,0,0,0,0,0,0,0,0,1,0,0,0,5
684,-0.771482217,2.045255102,0.19914626,0.598079693,0,0,1,0,0,0,0,0,0,0,0,0,0,0,0,0,0,1,0,0,0,5.757396029
685,-0.771482217,2.045255102,0.19914626,0.598079693,0,0,1,0,0,0,0,0,0,0,0,0,0,0,0,0,0,1,0,0,0,5.856124444
686,-0.771482217,2.045255102,0.19914626,0.598079693,0,0,1,0,0,0,0,0,0,0,0,0,0,0,0,0,0,1,0,0,0,6.036628895
687,-0.771482217,2.045255102,0.19914626,0.598079693,0,0,1,0,0,0,0,0,0,0,0,0,0,0,0,0,0,1,0,0,0,5.951823035
688,-0.771482217,2.045255102,0.19914626,0.598079693,0,0,1,0,0,0,0,0,0,0,0,0,0,0,0,0,0,1,0,0,0,6.09725731
689,-0.771482217,2.045255102,0.19914626,0.598079693,0,0,1,0,0,0,0,0,0,0,0,0,0,0,0,0,0,1,0,0,0,6.178113252
690,-0.771482217,2.045255102,0.19914626,0.598079693,0,0,1,0,0,0,0,0,0,0,0,0,0,0,0,0,0,1,0,0,0,5.397940009
691,-0.771482217,2.045255102,0.19914626,0.598079693,0,0,1,0,0,0,0,0,0,0,0,0,0,0,0,0,0,1,0,0,0,5.698970004
692,-0.771482217,2.045255102,0.19914626,0.598079693,0,0,1,0,0,0,0,0,0,0,0,0,0,0,0,0,0,1,0,0,0,5.875061263
693,-0.771482217,2.045255102,0.19914626,0.598079693,0,0,1,0,0,0,0,0,0,0,0,0,0,0,0,0,0,1,0,0,0,6.011147361
694,-0.771482217,2.045255102,0.19914626,0.598079693,0,0,1,0,0,0,0,0,0,0,0,0,0,0,0,0,0,1,0,0,0,6.096910013
,,,,,,,,,,,,,,,,,,,,,,,,,,
,,,,,,,,,,,,,,,,,,,,,,,,,,
